,out_temp,out_abs_humid,rm0_ac_operate,rm0_t_r,rm0_x_r,rm0_ot,rm0_l_s_c,rm0_l_s_r,rm0_l_l_c,rm1_ac_operate,rm1_t_r,rm1_x_r,rm1_ot,rm1_l_s_c,rm1_l_s_r,rm1_l_l_c,rm2_ac_operate,rm2_t_r,rm2_x_r,rm2_ot,rm2_l_s_c,rm2_l_s_r,rm2_l_l_c
1989-01-01 00:00:00,2.41,0.0,OperationMode.STOP_CLOSE,15.37,0.0039,14.15,0.0,0.0,0.0,OperationMode.HEATING,18.02,0.0373,15.85,10312.0,0.0,0.0,OperationMode.STOP_CLOSE,5.16,0.167,5.99,0.0,0.0,0.0
1989-01-01 01:00:00,2.71,0.0,OperationMode.STOP_CLOSE,13.04,0.0038,12.07,0.0,0.0,0.0,OperationMode.HEATING,18.3,0.0374,15.85,10876.0,0.0,0.0,OperationMode.STOP_CLOSE,4.81,0.1697,5.59,0.0,0.0,0.0
1989-01-01 02:00:00,2.86,0.0,OperationMode.STOP_CLOSE,11.45,0.0038,10.68,0.0,0.0,0.0,OperationMode.HEATING,18.48,0.0374,15.84,11208.0,0.0,0.0,OperationMode.STOP_CLOSE,4.49,0.1725,5.26,0.0,0.0,0.0
1989-01-01 03:00:00,2.65,0.0,OperationMode.STOP_CLOSE,10.25,0.0038,9.64,0.0,0.0,0.0,OperationMode.HEATING,18.62,0.0375,15.82,11549.0,0.0,0.0,OperationMode.STOP_CLOSE,4.21,0.1753,4.97,0.0,0.0,0.0
1989-01-01 04:00:00,2.4,0.0,OperationMode.STOP_CLOSE,9.28,0.0037,8.79,0.0,0.0,0.0,OperationMode.HEATING,18.74,0.0377,15.8,11904.0,0.0,0.0,OperationMode.STOP_CLOSE,3.95,0.1781,4.69,0.0,0.0,0.0
1989-01-01 05:00:00,2.55,0.0,OperationMode.STOP_CLOSE,8.57,0.0037,8.17,0.0,0.0,0.0,OperationMode.HEATING,18.8,0.0378,15.78,12013.0,0.0,0.0,OperationMode.STOP_CLOSE,3.71,0.1809,4.45,0.0,0.0,0.0
1989-01-01 06:00:00,2.61,0.0,OperationMode.STOP_CLOSE,8.04,0.0037,7.71,0.0,0.0,0.0,OperationMode.HEATING,18.82,0.038,15.75,12054.0,0.0,0.0,OperationMode.STOP_CLOSE,3.55,0.1838,4.29,0.0,0.0,0.0
1989-01-01 07:00:00,2.3,0.0,OperationMode.STOP_CLOSE,24.57,0.0037,17.99,27905.0,0.0,0.0,OperationMode.HEATING,18.34,0.0382,15.73,10339.0,0.0,0.0,OperationMode.STOP_CLOSE,3.25,0.1863,4.14,0.0,0.0,0.0
1989-01-01 08:00:00,2.82,0.0,OperationMode.HEATING,25.68,0.0038,21.49,14714.0,0.0,0.0,OperationMode.HEATING,16.15,0.0383,15.38,3041.0,0.0,0.0,OperationMode.STOP_CLOSE,3.76,0.1883,4.75,0.0,0.0,0.0
1989-01-01 09:00:00,4.53,0.0,OperationMode.HEATING,22.78,0.0039,21.46,2357.0,0.0,0.0,OperationMode.STOP_CLOSE,15.75,0.0385,16.02,0.0,0.0,0.0,OperationMode.STOP_CLOSE,4.46,0.1909,5.66,0.0,0.0,0.0
1989-01-01 10:00:00,6.58,0.0,OperationMode.HEATING,20.78,0.004,21.45,-4743.0,0.0,0.0,OperationMode.STOP_CLOSE,17.79,0.0386,18.43,0.0,0.0,0.0,OperationMode.STOP_CLOSE,5.4,0.1935,6.76,0.0,0.0,0.0
1989-01-01 11:00:00,8.0,0.0,OperationMode.HEATING,19.97,0.004,21.44,-7997.0,0.0,0.0,OperationMode.STOP_CLOSE,20.06,0.0388,20.71,0.0,0.0,0.0,OperationMode.STOP_CLOSE,6.5,0.1961,8.03,0.0,0.0,0.0
1989-01-01 12:00:00,8.8,0.0,OperationMode.HEATING,19.65,0.004,21.44,-9333.0,0.0,0.0,OperationMode.STOP_OPEN,20.13,0.0352,21.32,0.0,0.0,0.0,OperationMode.STOP_CLOSE,7.7,0.1986,9.27,0.0,0.0,0.0
1989-01-01 13:00:00,9.49,0.0,OperationMode.HEATING,23.05,0.004,23.77,-2395.0,0.0,0.0,OperationMode.STOP_CLOSE,22.49,0.0345,23.12,0.0,0.0,0.0,OperationMode.STOP_CLOSE,8.48,0.2009,10.1,0.0,0.0,0.0
1989-01-01 14:00:00,9.72,0.0,OperationMode.STOP_CLOSE,25.24,0.0039,25.02,0.0,0.0,0.0,OperationMode.STOP_CLOSE,23.2,0.0349,23.43,0.0,0.0,0.0,OperationMode.STOP_CLOSE,9.17,0.2035,10.86,0.0,0.0,0.0
1989-01-01 15:00:00,9.34,0.0,OperationMode.STOP_CLOSE,24.03,0.0039,23.37,0.0,0.0,0.0,OperationMode.STOP_CLOSE,22.23,0.0354,22.04,0.0,0.0,0.0,OperationMode.STOP_CLOSE,9.71,0.2061,11.27,0.0,0.0,0.0
1989-01-01 16:00:00,8.52,0.0,OperationMode.STOP_CLOSE,22.67,0.0039,21.55,0.0,0.0,0.0,OperationMode.STOP_CLOSE,20.86,0.0359,20.35,0.0,0.0,0.0,OperationMode.STOP_CLOSE,9.77,0.2083,11.1,0.0,0.0,0.0
1989-01-01 17:00:00,7.52,0.0,OperationMode.HEATING,24.06,0.0039,21.47,6496.0,0.0,0.0,OperationMode.STOP_CLOSE,18.79,0.0362,18.22,0.0,0.0,0.0,OperationMode.STOP_OPEN,9.17,0.1808,10.35,0.0,0.0,0.0
1989-01-01 18:00:00,6.71,0.0,OperationMode.HEATING,24.5,0.0041,21.44,7444.0,0.0,0.0,OperationMode.STOP_CLOSE,16.84,0.0364,16.41,0.0,0.0,0.0,OperationMode.STOP_CLOSE,8.7,0.184,9.68,0.0,0.0,0.0
1989-01-01 19:00:00,6.4,0.0,OperationMode.HEATING,24.66,0.0043,21.4,7782.0,0.0,0.0,OperationMode.STOP_CLOSE,15.15,0.0366,14.93,0.0,0.0,0.0,OperationMode.STOP_CLOSE,8.18,0.1868,9.06,0.0,0.0,0.0
1989-01-01 20:00:00,6.4,0.0,OperationMode.HEATING,24.75,0.0044,21.38,8382.0,0.0,0.0,OperationMode.HEATING,17.17,0.0369,15.93,7452.0,0.0,0.0,OperationMode.STOP_CLOSE,7.56,0.1893,8.49,0.0,0.0,0.0
1989-01-01 21:00:00,6.32,0.0,OperationMode.HEATING,24.77,0.0045,21.36,8402.0,0.0,0.0,OperationMode.HEATING,16.92,0.037,15.9,5830.0,0.0,0.0,OperationMode.STOP_CLOSE,7.26,0.1676,8.18,0.0,0.0,0.0
1989-01-01 22:00:00,6.16,0.0,OperationMode.HEATING,24.8,0.0045,21.36,9002.0,0.0,0.0,OperationMode.HEATING,16.95,0.0368,15.93,5846.0,0.0,0.0,OperationMode.STOP_OPEN,7.25,0.1466,8.11,0.0,0.0,0.0
1989-01-01 23:00:00,6.02,0.0,OperationMode.STOP_CLOSE,19.03,0.0045,17.69,0.0,0.0,0.0,OperationMode.HEATING,17.19,0.0367,15.95,6183.0,0.0,0.0,OperationMode.STOP_CLOSE,7.08,0.1474,7.97,0.0,0.0,0.0
1989-01-02 00:00:00,5.71,0.0,OperationMode.STOP_CLOSE,16.29,0.0044,15.23,0.0,0.0,0.0,OperationMode.HEATING,17.61,0.0365,15.97,7668.0,0.0,0.0,OperationMode.STOP_CLOSE,6.73,0.1502,7.6,0.0,0.0,0.0
1989-01-02 01:00:00,5.48,0.0,OperationMode.STOP_CLOSE,14.19,0.0044,13.35,0.0,0.0,0.0,OperationMode.HEATING,17.92,0.0365,15.99,8643.0,0.0,0.0,OperationMode.STOP_CLOSE,6.37,0.153,7.2,0.0,0.0,0.0
1989-01-02 02:00:00,5.56,0.0,OperationMode.STOP_CLOSE,12.76,0.0043,12.07,0.0,0.0,0.0,OperationMode.HEATING,18.13,0.0364,15.99,9094.0,0.0,0.0,OperationMode.STOP_CLOSE,6.04,0.1557,6.84,0.0,0.0,0.0
1989-01-02 03:00:00,5.5,0.0,OperationMode.STOP_CLOSE,11.68,0.0043,11.14,0.0,0.0,0.0,OperationMode.HEATING,18.29,0.0364,16.0,9421.0,0.0,0.0,OperationMode.STOP_CLOSE,5.74,0.1585,6.53,0.0,0.0,0.0
1989-01-02 04:00:00,5.46,0.0,OperationMode.STOP_CLOSE,10.84,0.0042,10.41,0.0,0.0,0.0,OperationMode.HEATING,18.4,0.0364,16.0,9662.0,0.0,0.0,OperationMode.STOP_CLOSE,5.48,0.1612,6.27,0.0,0.0,0.0
1989-01-02 05:00:00,5.51,0.0,OperationMode.STOP_CLOSE,10.22,0.0042,9.86,0.0,0.0,0.0,OperationMode.HEATING,18.48,0.0365,15.99,9818.0,0.0,0.0,OperationMode.STOP_CLOSE,5.26,0.164,6.04,0.0,0.0,0.0
1989-01-02 06:00:00,5.48,0.0,OperationMode.STOP_CLOSE,24.21,0.0042,18.47,24131.0,0.0,0.0,OperationMode.HEATING,18.19,0.0365,15.98,8913.0,0.0,0.0,OperationMode.STOP_CLOSE,4.97,0.1666,5.85,0.0,0.0,0.0
1989-01-02 07:00:00,4.88,0.0,OperationMode.HEATING,25.73,0.0043,21.4,14465.0,0.0,0.0,OperationMode.HEATING,16.28,0.0365,15.32,4482.0,0.0,0.0,OperationMode.STOP_CLOSE,5.43,0.1689,6.31,0.0,0.0,0.0
1989-01-02 08:00:00,4.8,0.0,OperationMode.HEATING,24.37,0.0043,21.4,8871.0,0.0,0.0,OperationMode.STOP_CLOSE,14.63,0.0366,14.58,0.0,0.0,0.0,OperationMode.STOP_CLOSE,5.5,0.1713,6.56,0.0,0.0,0.0
1989-01-02 09:00:00,5.82,0.0,OperationMode.HEATING,24.25,0.0043,21.39,7074.0,0.0,0.0,OperationMode.STOP_CLOSE,15.58,0.0367,15.06,4172.0,0.0,0.0,OperationMode.STOP_CLOSE,5.78,0.174,6.97,0.0,0.0,0.0
1989-01-02 10:00:00,6.7,0.0,OperationMode.HEATING,22.17,0.0043,20.25,3879.0,0.0,0.0,OperationMode.STOP_CLOSE,14.71,0.0368,14.83,0.0,0.0,0.0,OperationMode.STOP_CLOSE,6.39,0.1767,7.61,0.0,0.0,0.0
1989-01-02 11:00:00,6.81,0.0,OperationMode.STOP_CLOSE,18.45,0.0042,17.64,0.0,0.0,0.0,OperationMode.STOP_CLOSE,14.25,0.0369,14.4,0.0,0.0,0.0,OperationMode.STOP_CLOSE,7.05,0.1794,8.22,0.0,0.0,0.0
1989-01-02 12:00:00,7.07,0.0,OperationMode.HEATING,24.85,0.0042,21.42,11044.0,0.0,0.0,OperationMode.STOP_CLOSE,14.07,0.037,14.3,0.0,0.0,0.0,OperationMode.STOP_CLOSE,7.28,0.1819,8.51,0.0,0.0,0.0
1989-01-02 13:00:00,7.31,0.0,OperationMode.HEATING,23.88,0.0042,21.42,6692.0,0.0,0.0,OperationMode.STOP_CLOSE,14.12,0.0371,14.5,0.0,0.0,0.0,OperationMode.STOP_CLOSE,7.69,0.1846,8.9,0.0,0.0,0.0
1989-01-02 14:00:00,7.5,0.0,OperationMode.STOP_CLOSE,20.08,0.0041,19.39,0.0,0.0,0.0,OperationMode.STOP_CLOSE,14.39,0.0373,14.87,0.0,0.0,0.0,OperationMode.STOP_CLOSE,8.15,0.1873,9.27,0.0,0.0,0.0
1989-01-02 15:00:00,7.54,0.0,OperationMode.STOP_CLOSE,19.87,0.004,19.53,0.0,0.0,0.0,OperationMode.STOP_CLOSE,15.27,0.0375,15.88,0.0,0.0,0.0,OperationMode.STOP_CLOSE,8.33,0.1901,9.39,0.0,0.0,0.0
1989-01-02 16:00:00,7.52,0.0,OperationMode.HEATING,23.48,0.004,21.45,6242.0,0.0,0.0,OperationMode.STOP_CLOSE,15.58,0.0377,15.95,0.0,0.0,0.0,OperationMode.STOP_CLOSE,8.21,0.1927,9.25,0.0,0.0,0.0
1989-01-02 17:00:00,7.14,0.0,OperationMode.HEATING,24.36,0.004,21.45,7000.0,0.0,0.0,OperationMode.STOP_CLOSE,14.69,0.0379,14.78,0.0,0.0,0.0,OperationMode.STOP_CLOSE,7.95,0.1954,8.91,0.0,0.0,0.0
1989-01-02 18:00:00,6.44,0.0,OperationMode.HEATING,24.9,0.004,21.44,9255.0,0.0,0.0,OperationMode.STOP_CLOSE,15.53,0.0381,14.76,6092.0,0.0,0.0,OperationMode.STOP_CLOSE,7.43,0.1979,8.36,0.0,0.0,0.0
1989-01-02 19:00:00,5.51,0.0,OperationMode.HEATING,25.05,0.0041,21.43,10125.0,0.0,0.0,OperationMode.HEATING,15.64,0.0384,14.95,4121.0,0.0,0.0,OperationMode.STOP_CLOSE,6.94,0.2006,7.87,0.0,0.0,0.0
1989-01-02 20:00:00,4.29,0.0,OperationMode.HEATING,25.18,0.0043,21.4,9697.0,0.0,0.0,OperationMode.STOP_CLOSE,16.32,0.0386,15.12,8725.0,0.0,0.0,OperationMode.STOP_CLOSE,6.38,0.1975,7.35,0.0,0.0,0.0
1989-01-02 21:00:00,3.34,0.0,OperationMode.HEATING,25.29,0.0043,21.39,10170.0,0.0,0.0,OperationMode.HEATING,17.02,0.0386,15.65,8791.0,0.0,0.0,OperationMode.STOP_OPEN,5.82,0.1669,6.8,0.0,0.0,0.0
1989-01-02 22:00:00,2.6,0.0,OperationMode.HEATING,25.4,0.0044,21.38,10617.0,0.0,0.0,OperationMode.HEATING,17.08,0.0384,15.68,8332.0,0.0,0.0,OperationMode.STOP_CLOSE,5.75,0.1631,6.64,0.0,0.0,0.0
1989-01-02 23:00:00,1.91,0.0,OperationMode.HEATING,22.55,0.0043,19.64,5565.0,0.0,0.0,OperationMode.HEATING,17.22,0.0382,15.7,8259.0,0.0,0.0,OperationMode.STOP_CLOSE,5.52,0.1605,6.41,0.0,0.0,0.0
1989-01-03 00:00:00,1.49,0.0,OperationMode.STOP_CLOSE,16.5,0.0043,15.19,0.0,0.0,0.0,OperationMode.HEATING,17.73,0.0381,15.72,9986.0,0.0,0.0,OperationMode.STOP_CLOSE,5.18,0.162,6.02,0.0,0.0,0.0
1989-01-03 01:00:00,1.04,0.0,OperationMode.STOP_CLOSE,13.66,0.0042,12.59,0.0,0.0,0.0,OperationMode.HEATING,18.15,0.0381,15.73,11306.0,0.0,0.0,OperationMode.STOP_CLOSE,4.78,0.1648,5.56,0.0,0.0,0.0
1989-01-03 02:00:00,0.6,0.0,OperationMode.STOP_CLOSE,11.63,0.0041,10.73,0.0,0.0,0.0,OperationMode.HEATING,18.48,0.038,15.74,12165.0,0.0,0.0,OperationMode.STOP_CLOSE,4.36,0.1676,5.09,0.0,0.0,0.0
1989-01-03 03:00:00,0.64,0.0,OperationMode.STOP_CLOSE,10.14,0.0041,9.42,0.0,0.0,0.0,OperationMode.HEATING,18.69,0.038,15.74,12580.0,0.0,0.0,OperationMode.STOP_CLOSE,3.97,0.1704,4.67,0.0,0.0,0.0
1989-01-03 04:00:00,0.7,0.0,OperationMode.STOP_CLOSE,9.01,0.004,8.45,0.0,0.0,0.0,OperationMode.HEATING,18.83,0.0381,15.74,12784.0,0.0,0.0,OperationMode.STOP_CLOSE,3.65,0.1732,4.34,0.0,0.0,0.0
1989-01-03 05:00:00,0.85,0.0,OperationMode.STOP_CLOSE,8.2,0.004,7.74,0.0,0.0,0.0,OperationMode.HEATING,18.91,0.0381,15.73,12847.0,0.0,0.0,OperationMode.STOP_CLOSE,3.38,0.1761,4.08,0.0,0.0,0.0
1989-01-03 06:00:00,1.21,0.0,OperationMode.STOP_CLOSE,24.75,0.004,17.95,28813.0,0.0,0.0,OperationMode.HEATING,18.53,0.0382,15.72,11474.0,0.0,0.0,OperationMode.STOP_CLOSE,3.01,0.1787,3.85,0.0,0.0,0.0
1989-01-03 07:00:00,1.48,0.0,OperationMode.HEATING,26.63,0.0041,21.44,17593.0,0.0,0.0,OperationMode.HEATING,16.2,0.0382,14.86,6047.0,0.0,0.0,OperationMode.STOP_CLOSE,3.56,0.1809,4.42,0.0,0.0,0.0
1989-01-03 08:00:00,1.98,0.0,OperationMode.HEATING,25.55,0.0041,21.43,12738.0,0.0,0.0,OperationMode.STOP_CLOSE,13.66,0.0383,13.34,0.0,0.0,0.0,OperationMode.STOP_CLOSE,3.71,0.1833,4.75,0.0,0.0,0.0
1989-01-03 09:00:00,2.9,0.0,OperationMode.HEATING,25.33,0.0041,21.43,10473.0,0.0,0.0,OperationMode.STOP_CLOSE,15.25,0.0384,14.12,7837.0,0.0,0.0,OperationMode.STOP_CLOSE,3.94,0.1861,5.1,0.0,0.0,0.0
1989-01-03 10:00:00,3.78,0.0,OperationMode.HEATING,22.41,0.0041,19.89,5327.0,0.0,0.0,OperationMode.STOP_CLOSE,13.6,0.0385,13.59,0.0,0.0,0.0,OperationMode.STOP_CLOSE,4.56,0.1888,5.72,0.0,0.0,0.0
1989-01-03 11:00:00,4.51,0.0,OperationMode.STOP_CLOSE,17.4,0.0041,16.39,0.0,0.0,0.0,OperationMode.STOP_CLOSE,12.74,0.0387,12.8,0.0,0.0,0.0,OperationMode.STOP_CLOSE,5.28,0.1916,6.36,0.0,0.0,0.0
1989-01-03 12:00:00,4.59,0.0,OperationMode.HEATING,26.06,0.0041,21.43,15654.0,0.0,0.0,OperationMode.STOP_CLOSE,12.24,0.0389,12.42,0.0,0.0,0.0,OperationMode.STOP_CLOSE,5.44,0.1943,6.59,0.0,0.0,0.0
1989-01-03 13:00:00,4.51,0.0,OperationMode.HEATING,25.0,0.0042,21.42,10440.0,0.0,0.0,OperationMode.STOP_CLOSE,11.91,0.0391,12.23,0.0,0.0,0.0,OperationMode.STOP_CLOSE,5.76,0.1971,6.84,0.0,0.0,0.0
1989-01-03 14:00:00,4.78,0.0,OperationMode.STOP_CLOSE,18.52,0.0042,17.34,0.0,0.0,0.0,OperationMode.STOP_CLOSE,11.45,0.0394,11.71,0.0,0.0,0.0,OperationMode.STOP_CLOSE,6.11,0.1999,7.01,0.0,0.0,0.0
1989-01-03 15:00:00,5.05,0.0,OperationMode.STOP_CLOSE,15.62,0.0042,14.63,0.0,0.0,0.0,OperationMode.STOP_CLOSE,10.8,0.0397,10.9,0.0,0.0,0.0,OperationMode.STOP_CLOSE,6.17,0.2029,6.92,0.0,0.0,0.0
1989-01-03 16:00:00,5.22,0.01,OperationMode.HEATING,27.13,0.0043,21.39,20921.0,0.0,0.0,OperationMode.STOP_CLOSE,10.22,0.04,10.43,0.0,0.0,0.0,OperationMode.STOP_CLOSE,5.66,0.2056,6.49,0.0,0.0,0.0
1989-01-03 17:00:00,5.06,0.01,OperationMode.HEATING,25.57,0.0045,21.37,11743.0,0.0,0.0,OperationMode.STOP_CLOSE,9.9,0.0404,10.33,0.0,0.0,0.0,OperationMode.STOP_CLOSE,5.58,0.2085,6.4,0.0,0.0,0.0
1989-01-03 18:00:00,5.04,0.0,OperationMode.HEATING,25.3,0.0046,21.35,11250.0,0.0,0.0,OperationMode.STOP_CLOSE,13.97,0.0407,12.74,12635.0,0.0,0.0,OperationMode.STOP_CLOSE,5.28,0.2112,6.2,0.0,0.0,0.0
1989-01-03 19:00:00,5.1,0.0,OperationMode.HEATING,25.12,0.0049,21.31,10749.0,0.0,0.0,OperationMode.HEATING,15.16,0.0411,14.34,6472.0,0.0,0.0,OperationMode.STOP_CLOSE,5.18,0.2141,6.2,0.0,0.0,0.0
1989-01-03 20:00:00,5.06,0.0,OperationMode.HEATING,25.03,0.0051,21.27,9486.0,0.0,0.0,OperationMode.STOP_CLOSE,15.67,0.0414,14.6,9098.0,0.0,0.0,OperationMode.STOP_CLOSE,5.23,0.2109,6.27,0.0,0.0,0.0
1989-01-03 21:00:00,5.11,0.0,OperationMode.HEATING,24.94,0.0052,21.24,9273.0,0.0,0.0,OperationMode.HEATING,16.28,0.0415,15.2,7690.0,0.0,0.0,OperationMode.STOP_OPEN,5.47,0.1786,6.46,0.0,0.0,0.0
1989-01-03 22:00:00,5.3,0.0,OperationMode.HEATING,24.86,0.0052,21.23,9188.0,0.0,0.0,OperationMode.HEATING,16.2,0.0413,15.22,6262.0,0.0,0.0,OperationMode.STOP_OPEN,5.7,0.1608,6.69,0.0,0.0,0.0
1989-01-03 23:00:00,5.41,0.01,OperationMode.HEATING,22.35,0.0053,19.77,4694.0,0.0,0.0,OperationMode.HEATING,16.24,0.0411,15.25,5474.0,0.0,0.0,OperationMode.STOP_CLOSE,5.92,0.1605,6.9,0.0,0.0,0.0
1989-01-04 00:00:00,5.64,0.01,OperationMode.STOP_CLOSE,17.27,0.0053,16.1,0.0,0.0,0.0,OperationMode.HEATING,16.58,0.0409,15.27,6429.0,0.0,0.0,OperationMode.STOP_CLOSE,5.87,0.1624,6.85,0.0,0.0,0.0
1989-01-04 01:00:00,5.63,0.01,OperationMode.STOP_CLOSE,14.94,0.0053,14.02,0.0,0.0,0.0,OperationMode.HEATING,16.87,0.0409,15.29,7232.0,0.0,0.0,OperationMode.STOP_CLOSE,5.82,0.1655,6.73,0.0,0.0,0.0
1989-01-04 02:00:00,5.69,0.01,OperationMode.STOP_CLOSE,13.35,0.0053,12.59,0.0,0.0,0.0,OperationMode.HEATING,17.08,0.0408,15.3,7651.0,0.0,0.0,OperationMode.STOP_CLOSE,5.72,0.1685,6.58,0.0,0.0,0.0
1989-01-04 03:00:00,5.96,0.01,OperationMode.STOP_CLOSE,12.23,0.0053,11.63,0.0,0.0,0.0,OperationMode.HEATING,17.2,0.0408,15.3,7763.0,0.0,0.0,OperationMode.STOP_CLOSE,5.62,0.1716,6.46,0.0,0.0,0.0
1989-01-04 04:00:00,5.86,0.01,OperationMode.STOP_CLOSE,11.36,0.0053,10.9,0.0,0.0,0.0,OperationMode.HEATING,17.3,0.0408,15.3,7958.0,0.0,0.0,OperationMode.STOP_CLOSE,5.53,0.1747,6.35,0.0,0.0,0.0
1989-01-04 05:00:00,5.99,0.01,OperationMode.STOP_CLOSE,10.72,0.0053,10.35,0.0,0.0,0.0,OperationMode.HEATING,17.37,0.0409,15.29,8054.0,0.0,0.0,OperationMode.STOP_CLOSE,5.44,0.1778,6.25,0.0,0.0,0.0
1989-01-04 06:00:00,6.49,0.01,OperationMode.STOP_CLOSE,23.82,0.0054,18.44,22435.0,0.0,0.0,OperationMode.HEATING,17.04,0.0409,15.28,6940.0,0.0,0.0,OperationMode.STOP_CLOSE,5.32,0.1808,6.21,0.0,0.0,0.0
1989-01-04 07:00:00,6.72,0.01,OperationMode.HEATING,25.25,0.0055,21.19,13408.0,0.0,0.0,OperationMode.HEATING,15.49,0.0409,14.8,3344.0,0.0,0.0,OperationMode.STOP_CLOSE,5.96,0.1718,6.83,0.0,0.0,0.0
1989-01-04 08:00:00,6.75,0.01,OperationMode.HEATING,24.37,0.0056,21.17,9581.0,0.0,0.0,OperationMode.STOP_CLOSE,14.02,0.0409,13.97,0.0,0.0,0.0,OperationMode.STOP_CLOSE,6.04,0.1732,7.11,0.0,0.0,0.0
1989-01-04 09:00:00,7.26,0.01,OperationMode.HEATING,24.16,0.0057,21.16,7589.0,0.0,0.0,OperationMode.STOP_CLOSE,14.87,0.0409,14.44,3852.0,0.0,0.0,OperationMode.STOP_CLOSE,6.27,0.1762,7.42,0.0,0.0,0.0
1989-01-04 10:00:00,7.81,0.01,OperationMode.HEATING,21.92,0.0057,19.98,4013.0,0.0,0.0,OperationMode.STOP_CLOSE,14.1,0.041,14.28,0.0,0.0,0.0,OperationMode.STOP_CLOSE,6.78,0.1792,7.95,0.0,0.0,0.0
1989-01-04 11:00:00,8.19,0.01,OperationMode.STOP_CLOSE,18.14,0.0058,17.35,0.0,0.0,0.0,OperationMode.STOP_CLOSE,13.76,0.0411,13.95,0.0,0.0,0.0,OperationMode.STOP_CLOSE,7.36,0.1823,8.47,0.0,0.0,0.0
1989-01-04 12:00:00,8.61,0.01,OperationMode.HEATING,24.5,0.0059,21.12,10859.0,0.0,0.0,OperationMode.STOP_CLOSE,13.69,0.0412,13.96,0.0,0.0,0.0,OperationMode.STOP_CLOSE,7.56,0.1852,8.75,0.0,0.0,0.0
1989-01-04 13:00:00,8.95,0.01,OperationMode.HEATING,23.53,0.0059,21.11,6632.0,0.0,0.0,OperationMode.STOP_CLOSE,13.82,0.0413,14.2,0.0,0.0,0.0,OperationMode.STOP_CLOSE,7.96,0.1883,9.14,0.0,0.0,0.0
1989-01-04 14:00:00,9.31,0.01,OperationMode.STOP_CLOSE,19.38,0.006,18.56,0.0,0.0,0.0,OperationMode.STOP_CLOSE,13.84,0.0415,14.17,0.0,0.0,0.0,OperationMode.STOP_CLOSE,8.39,0.1913,9.46,0.0,0.0,0.0
1989-01-04 15:00:00,9.61,0.01,OperationMode.STOP_CLOSE,17.54,0.006,16.84,0.0,0.0,0.0,OperationMode.STOP_CLOSE,13.62,0.0416,13.8,0.0,0.0,0.0,OperationMode.STOP_CLOSE,8.56,0.1945,9.52,0.0,0.0,0.0
1989-01-04 16:00:00,9.72,0.01,OperationMode.HEATING,24.91,0.006,21.09,13455.0,0.0,0.0,OperationMode.STOP_CLOSE,13.28,0.0418,13.47,0.0,0.0,0.0,OperationMode.STOP_CLOSE,8.27,0.1974,9.25,0.0,0.0,0.0
1989-01-04 17:00:00,9.52,0.01,OperationMode.HEATING,24.09,0.0061,21.08,7728.0,0.0,0.0,OperationMode.STOP_CLOSE,12.94,0.042,13.23,0.0,0.0,0.0,OperationMode.STOP_CLOSE,8.15,0.2005,9.08,0.0,0.0,0.0
1989-01-04 18:00:00,9.18,0.0,OperationMode.HEATING,24.04,0.0061,21.07,7769.0,0.0,0.0,OperationMode.STOP_CLOSE,14.45,0.0422,14.03,5458.0,0.0,0.0,OperationMode.STOP_CLOSE,7.89,0.2034,8.84,0.0,0.0,0.0
1989-01-04 19:00:00,8.61,0.0,OperationMode.HEATING,24.1,0.0062,21.07,8183.0,0.0,0.0,OperationMode.HEATING,14.85,0.0424,14.56,3049.0,0.0,0.0,OperationMode.STOP_CLOSE,7.67,0.2065,8.65,0.0,0.0,0.0
1989-01-04 20:00:00,7.89,0.0,OperationMode.HEATING,24.18,0.0062,21.05,7685.0,0.0,0.0,OperationMode.STOP_CLOSE,15.24,0.0426,14.68,5446.0,0.0,0.0,OperationMode.STOP_CLOSE,7.49,0.2036,8.46,0.0,0.0,0.0
1989-01-04 21:00:00,6.86,0.0,OperationMode.HEATING,24.29,0.0062,21.05,8131.0,0.0,0.0,OperationMode.HEATING,15.75,0.0423,15.05,5564.0,0.0,0.0,OperationMode.STOP_OPEN,7.41,0.1613,8.32,0.0,0.0,0.0
1989-01-04 22:00:00,6.52,0.0,OperationMode.HEATING,24.38,0.0062,21.06,8456.0,0.0,0.0,OperationMode.HEATING,15.88,0.0419,15.12,5200.0,0.0,0.0,OperationMode.STOP_OPEN,7.26,0.1444,8.17,0.0,0.0,0.0
1989-01-04 23:00:00,6.38,0.0,OperationMode.HEATING,22.07,0.0061,19.68,4345.0,0.0,0.0,OperationMode.HEATING,16.02,0.0414,15.19,4838.0,0.0,0.0,OperationMode.STOP_CLOSE,7.25,0.1444,8.12,0.0,0.0,0.0
1989-01-05 00:00:00,5.88,0.0,OperationMode.STOP_CLOSE,17.19,0.006,16.1,0.0,0.0,0.0,OperationMode.HEATING,16.5,0.041,15.25,6359.0,0.0,0.0,OperationMode.STOP_CLOSE,6.92,0.1465,7.79,0.0,0.0,0.0
1989-01-05 01:00:00,6.43,0.0,OperationMode.STOP_CLOSE,14.97,0.0058,14.1,0.0,0.0,0.0,OperationMode.HEATING,16.84,0.0407,15.31,7098.0,0.0,0.0,OperationMode.STOP_CLOSE,6.65,0.1496,7.48,0.0,0.0,0.0
1989-01-05 02:00:00,6.07,0.0,OperationMode.STOP_CLOSE,13.41,0.0057,12.69,0.0,0.0,0.0,OperationMode.HEATING,17.12,0.0404,15.35,7714.0,0.0,0.0,OperationMode.STOP_CLOSE,6.38,0.1527,7.18,0.0,0.0,0.0
1989-01-05 03:00:00,5.93,0.0,OperationMode.STOP_CLOSE,12.23,0.0056,11.65,0.0,0.0,0.0,OperationMode.HEATING,17.34,0.0402,15.39,8194.0,0.0,0.0,OperationMode.STOP_CLOSE,6.11,0.1557,6.89,0.0,0.0,0.0
1989-01-05 04:00:00,6.49,0.0,OperationMode.STOP_CLOSE,11.4,0.0055,10.94,0.0,0.0,0.0,OperationMode.HEATING,17.48,0.04,15.43,8226.0,0.0,0.0,OperationMode.STOP_CLOSE,5.88,0.1588,6.66,0.0,0.0,0.0
1989-01-05 05:00:00,6.46,0.0,OperationMode.STOP_CLOSE,10.79,0.0054,10.42,0.0,0.0,0.0,OperationMode.HEATING,17.58,0.0398,15.45,8366.0,0.0,0.0,OperationMode.STOP_CLOSE,5.71,0.1618,6.5,0.0,0.0,0.0
1989-01-05 06:00:00,5.79,0.0,OperationMode.STOP_CLOSE,23.88,0.0054,18.43,22746.0,0.0,0.0,OperationMode.HEATING,17.39,0.0397,15.47,7930.0,0.0,0.0,OperationMode.STOP_CLOSE,5.44,0.1647,6.3,0.0,0.0,0.0
1989-01-05 07:00:00,5.45,0.0,OperationMode.HEATING,25.38,0.0054,21.2,13851.0,0.0,0.0,OperationMode.HEATING,15.71,0.0395,14.9,4044.0,0.0,0.0,OperationMode.STOP_CLOSE,5.86,0.1673,6.7,0.0,0.0,0.0
1989-01-05 08:00:00,5.2,0.0,OperationMode.HEATING,24.19,0.0053,21.21,8867.0,0.0,0.0,OperationMode.STOP_CLOSE,14.2,0.0394,14.21,0.0,0.0,0.0,OperationMode.STOP_CLOSE,5.87,0.17,6.9,0.0,0.0,0.0
1989-01-05 09:00:00,5.65,0.0,OperationMode.HEATING,23.57,0.0053,21.22,5442.0,0.0,0.0,OperationMode.STOP_CLOSE,14.87,0.0393,14.8,2197.0,0.0,0.0,OperationMode.STOP_CLOSE,6.16,0.1729,7.32,0.0,0.0,0.0
1989-01-05 10:00:00,6.7,0.0,OperationMode.HEATING,22.04,0.0052,21.08,1793.0,0.0,0.0,OperationMode.STOP_CLOSE,15.37,0.0393,15.97,0.0,0.0,0.0,OperationMode.STOP_CLOSE,6.83,0.1758,8.08,0.0,0.0,0.0
1989-01-05 11:00:00,7.39,0.0,OperationMode.STOP_CLOSE,21.99,0.0051,21.79,0.0,0.0,0.0,OperationMode.STOP_CLOSE,16.98,0.0392,17.78,0.0,0.0,0.0,OperationMode.STOP_CLOSE,7.58,0.1787,8.95,0.0,0.0,0.0
1989-01-05 12:00:00,7.66,0.0,OperationMode.STOP_CLOSE,22.78,0.0049,22.12,0.0,0.0,0.0,OperationMode.STOP_CLOSE,17.85,0.0392,18.38,0.0,0.0,0.0,OperationMode.STOP_CLOSE,8.35,0.1814,9.81,0.0,0.0,0.0
1989-01-05 13:00:00,7.38,0.0,OperationMode.STOP_CLOSE,22.52,0.0049,21.96,0.0,0.0,0.0,OperationMode.STOP_CLOSE,18.32,0.0392,18.8,0.0,0.0,0.0,OperationMode.STOP_CLOSE,9.0,0.1843,10.44,0.0,0.0,0.0
1989-01-05 14:00:00,7.15,0.0,OperationMode.STOP_CLOSE,22.7,0.0048,22.42,0.0,0.0,0.0,OperationMode.STOP_CLOSE,19.03,0.0393,19.57,0.0,0.0,0.0,OperationMode.STOP_CLOSE,9.39,0.1872,10.73,0.0,0.0,0.0
1989-01-05 15:00:00,7.1,0.0,OperationMode.STOP_CLOSE,23.1,0.0047,22.82,0.0,0.0,0.0,OperationMode.STOP_CLOSE,19.65,0.0393,20.09,0.0,0.0,0.0,OperationMode.STOP_CLOSE,9.5,0.1901,10.75,0.0,0.0,0.0
1989-01-05 16:00:00,6.34,0.0,OperationMode.STOP_CLOSE,22.47,0.0046,21.75,0.0,0.0,0.0,OperationMode.STOP_CLOSE,19.16,0.0394,19.24,0.0,0.0,0.0,OperationMode.STOP_CLOSE,9.37,0.1929,10.5,0.0,0.0,0.0
1989-01-05 17:00:00,5.52,0.0,OperationMode.STOP_CLOSE,23.12,0.0046,20.8,4404.0,0.0,0.0,OperationMode.STOP_CLOSE,17.35,0.0395,17.05,0.0,0.0,0.0,OperationMode.STOP_CLOSE,8.88,0.1957,9.85,0.0,0.0,0.0
1989-01-05 18:00:00,4.64,0.0,OperationMode.HEATING,24.92,0.0045,21.35,9577.0,0.0,0.0,OperationMode.STOP_CLOSE,15.31,0.0397,15.0,0.0,0.0,0.0,OperationMode.STOP_CLOSE,8.12,0.1984,8.97,0.0,0.0,0.0
1989-01-05 19:00:00,4.12,0.0,OperationMode.HEATING,25.14,0.0045,21.36,10732.0,0.0,0.0,OperationMode.HEATING,15.57,0.0398,14.76,4074.0,0.0,0.0,OperationMode.STOP_CLOSE,7.32,0.2011,8.14,0.0,0.0,0.0
1989-01-05 20:00:00,3.59,0.0,OperationMode.HEATING,25.23,0.0046,21.34,10046.0,0.0,0.0,OperationMode.STOP_CLOSE,16.21,0.04,14.92,8493.0,0.0,0.0,OperationMode.STOP_CLOSE,6.5,0.198,7.39,0.0,0.0,0.0
1989-01-05 21:00:00,2.9,0.0,OperationMode.HEATING,25.35,0.0047,21.33,10500.0,0.0,0.0,OperationMode.HEATING,16.87,0.0398,15.45,8706.0,0.0,0.0,OperationMode.STOP_OPEN,5.74,0.1674,6.67,0.0,0.0,0.0
1989-01-05 22:00:00,2.52,0.0,OperationMode.HEATING,25.43,0.0047,21.33,10848.0,0.0,0.0,OperationMode.HEATING,16.92,0.0396,15.48,8314.0,0.0,0.0,OperationMode.STOP_CLOSE,5.65,0.1637,6.49,0.0,0.0,0.0
1989-01-05 23:00:00,1.86,0.0,OperationMode.HEATING,22.53,0.0046,19.55,5703.0,0.0,0.0,OperationMode.HEATING,17.09,0.0394,15.52,8408.0,0.0,0.0,OperationMode.STOP_CLOSE,5.37,0.1611,6.22,0.0,0.0,0.0
1989-01-06 00:00:00,1.84,0.0,OperationMode.STOP_CLOSE,16.39,0.0045,15.05,0.0,0.0,0.0,OperationMode.HEATING,17.59,0.0392,15.55,10083.0,0.0,0.0,OperationMode.STOP_CLOSE,4.99,0.1628,5.81,0.0,0.0,0.0
1989-01-06 01:00:00,1.82,0.0,OperationMode.STOP_CLOSE,13.58,0.0044,12.49,0.0,0.0,0.0,OperationMode.HEATING,18.0,0.0391,15.57,11214.0,0.0,0.0,OperationMode.STOP_CLOSE,4.59,0.1657,5.36,0.0,0.0,0.0
1989-01-06 02:00:00,2.0,0.0,OperationMode.STOP_CLOSE,11.64,0.0044,10.74,0.0,0.0,0.0,OperationMode.HEATING,18.27,0.039,15.58,11751.0,0.0,0.0,OperationMode.STOP_CLOSE,4.2,0.1686,4.95,0.0,0.0,0.0
1989-01-06 03:00:00,2.58,0.0,OperationMode.STOP_CLOSE,10.31,0.0043,9.6,0.0,0.0,0.0,OperationMode.HEATING,18.42,0.039,15.58,11817.0,0.0,0.0,OperationMode.STOP_CLOSE,3.9,0.1716,4.63,0.0,0.0,0.0
1989-01-06 04:00:00,2.74,0.0,OperationMode.STOP_CLOSE,9.3,0.0042,8.76,0.0,0.0,0.0,OperationMode.HEATING,18.53,0.039,15.59,11925.0,0.0,0.0,OperationMode.STOP_CLOSE,3.65,0.1745,4.4,0.0,0.0,0.0
1989-01-06 05:00:00,2.54,0.0,OperationMode.STOP_CLOSE,8.53,0.0041,8.09,0.0,0.0,0.0,OperationMode.HEATING,18.64,0.039,15.59,12208.0,0.0,0.0,OperationMode.STOP_CLOSE,3.44,0.1774,4.18,0.0,0.0,0.0
1989-01-06 06:00:00,1.91,0.0,OperationMode.STOP_CLOSE,24.72,0.0041,18.0,28407.0,0.0,0.0,OperationMode.HEATING,18.36,0.039,15.58,11482.0,0.0,0.0,OperationMode.STOP_CLOSE,3.03,0.1801,3.89,0.0,0.0,0.0
1989-01-06 07:00:00,1.52,0.0,OperationMode.HEATING,26.44,0.0041,21.42,16999.0,0.0,0.0,OperationMode.HEATING,15.99,0.039,14.75,5662.0,0.0,0.0,OperationMode.STOP_CLOSE,3.48,0.1824,4.33,0.0,0.0,0.0
1989-01-06 08:00:00,2.08,0.0,OperationMode.HEATING,24.1,0.0041,21.42,7907.0,0.0,0.0,OperationMode.STOP_CLOSE,14.33,0.039,14.39,0.0,0.0,0.0,OperationMode.STOP_CLOSE,3.63,0.1848,4.67,0.0,0.0,0.0
1989-01-06 09:00:00,3.69,0.0,OperationMode.HEATING,22.16,0.0041,21.43,7.0,0.0,0.0,OperationMode.STOP_CLOSE,15.3,0.039,15.85,0.0,0.0,0.0,OperationMode.STOP_CLOSE,4.23,0.1877,5.39,0.0,0.0,0.0
1989-01-06 10:00:00,4.88,0.0,OperationMode.HEATING,21.83,0.004,22.09,-1494.0,0.0,0.0,OperationMode.STOP_CLOSE,17.23,0.0391,18.08,0.0,0.0,0.0,OperationMode.STOP_CLOSE,5.06,0.1905,6.37,0.0,0.0,0.0
1989-01-06 11:00:00,5.72,0.0,OperationMode.STOP_CLOSE,24.1,0.004,24.06,0.0,0.0,0.0,OperationMode.STOP_CLOSE,19.2,0.0392,20.09,0.0,0.0,0.0,OperationMode.STOP_CLOSE,5.96,0.1933,7.47,0.0,0.0,0.0
1989-01-06 12:00:00,6.1,0.0,OperationMode.STOP_CLOSE,25.48,0.0038,25.74,0.0,0.0,0.0,OperationMode.STOP_CLOSE,21.26,0.0393,22.24,0.0,0.0,0.0,OperationMode.STOP_CLOSE,6.87,0.196,8.48,0.0,0.0,0.0
1989-01-06 13:00:00,6.18,0.0,OperationMode.STOP_OPEN,25.2,0.0036,26.0,0.0,0.0,0.0,OperationMode.STOP_CLOSE,23.05,0.0394,23.87,0.0,0.0,0.0,OperationMode.STOP_CLOSE,7.68,0.1987,9.32,0.0,0.0,0.0
1989-01-06 14:00:00,6.26,0.0,OperationMode.STOP_CLOSE,27.17,0.0035,26.84,0.0,0.0,0.0,OperationMode.STOP_CLOSE,23.67,0.0396,24.12,0.0,0.0,0.0,OperationMode.STOP_CLOSE,8.33,0.2013,10.01,0.0,0.0,0.0
1989-01-06 15:00:00,6.05,0.0,OperationMode.STOP_CLOSE,27.11,0.0034,26.61,0.0,0.0,0.0,OperationMode.STOP_CLOSE,23.66,0.0397,23.93,0.0,0.0,0.0,OperationMode.STOP_CLOSE,8.75,0.204,10.34,0.0,0.0,0.0
1989-01-06 16:00:00,5.42,0.0,OperationMode.STOP_OPEN,24.33,0.0033,23.82,0.0,0.0,0.0,OperationMode.STOP_CLOSE,22.49,0.0398,22.31,0.0,0.0,0.0,OperationMode.STOP_CLOSE,8.9,0.2065,10.3,0.0,0.0,0.0
1989-01-06 17:00:00,4.5,0.0,OperationMode.STOP_CLOSE,22.97,0.0034,21.32,0.0,0.0,0.0,OperationMode.STOP_CLOSE,19.94,0.04,19.35,0.0,0.0,0.0,OperationMode.STOP_CLOSE,8.59,0.2091,9.74,0.0,0.0,0.0
1989-01-06 18:00:00,3.74,0.0,OperationMode.HEATING,25.16,0.0034,21.56,9476.0,0.0,0.0,OperationMode.STOP_CLOSE,17.22,0.0402,16.59,0.0,0.0,0.0,OperationMode.STOP_CLOSE,7.88,0.2116,8.85,0.0,0.0,0.0
1989-01-06 19:00:00,3.19,0.0,OperationMode.HEATING,25.42,0.0035,21.54,10813.0,0.0,0.0,OperationMode.STOP_CLOSE,15.09,0.0405,14.65,0.0,0.0,0.0,OperationMode.STOP_CLOSE,7.18,0.2142,8.02,0.0,0.0,0.0
1989-01-06 20:00:00,2.85,0.0,OperationMode.HEATING,25.51,0.0037,21.51,10251.0,0.0,0.0,OperationMode.STOP_CLOSE,16.17,0.0407,14.89,7441.0,0.0,0.0,OperationMode.STOP_CLOSE,6.29,0.2107,7.2,0.0,0.0,0.0
1989-01-06 21:00:00,2.49,0.0,OperationMode.HEATING,25.59,0.0037,21.5,10683.0,0.0,0.0,OperationMode.HEATING,16.71,0.0406,15.32,8061.0,0.0,0.0,OperationMode.STOP_OPEN,5.53,0.1778,6.47,0.0,0.0,0.0
1989-01-06 22:00:00,2.34,0.0,OperationMode.HEATING,25.66,0.0037,21.49,10988.0,0.0,0.0,OperationMode.HEATING,16.73,0.0404,15.35,7810.0,0.0,0.0,OperationMode.STOP_CLOSE,5.48,0.1737,6.33,0.0,0.0,0.0
1989-01-06 23:00:00,2.21,0.0,OperationMode.HEATING,22.7,0.0037,19.72,5656.0,0.0,0.0,OperationMode.HEATING,16.84,0.0402,15.38,7690.0,0.0,0.0,OperationMode.STOP_CLOSE,5.31,0.1708,6.17,0.0,0.0,0.0
1989-01-07 00:00:00,1.9,0.0,OperationMode.STOP_CLOSE,16.57,0.0037,15.24,0.0,0.0,0.0,OperationMode.HEATING,17.33,0.0401,15.41,9577.0,0.0,0.0,OperationMode.STOP_CLOSE,4.99,0.1724,5.83,0.0,0.0,0.0
1989-01-07 01:00:00,1.82,0.0,OperationMode.STOP_CLOSE,13.76,0.0036,12.68,0.0,0.0,0.0,OperationMode.HEATING,17.73,0.04,15.42,10640.0,0.0,0.0,OperationMode.STOP_CLOSE,4.66,0.1754,5.44,0.0,0.0,0.0
1989-01-07 02:00:00,1.74,0.0,OperationMode.STOP_CLOSE,11.79,0.0035,10.9,0.0,0.0,0.0,OperationMode.HEATING,18.01,0.04,15.43,11302.0,0.0,0.0,OperationMode.STOP_CLOSE,4.3,0.1783,5.05,0.0,0.0,0.0
1989-01-07 03:00:00,1.76,0.0,OperationMode.STOP_CLOSE,10.36,0.0035,9.65,0.0,0.0,0.0,OperationMode.HEATING,18.2,0.04,15.43,11668.0,0.0,0.0,OperationMode.STOP_CLOSE,3.99,0.1813,4.71,0.0,0.0,0.0
1989-01-07 04:00:00,1.4,0.0,OperationMode.STOP_CLOSE,9.23,0.0035,8.67,0.0,0.0,0.0,OperationMode.HEATING,18.36,0.04,15.43,12064.0,0.0,0.0,OperationMode.STOP_CLOSE,3.7,0.1842,4.41,0.0,0.0,0.0
1989-01-07 05:00:00,0.79,0.0,OperationMode.STOP_CLOSE,8.29,0.0034,7.83,0.0,0.0,0.0,OperationMode.HEATING,18.51,0.0401,15.42,12604.0,0.0,0.0,OperationMode.STOP_CLOSE,3.41,0.1872,4.1,0.0,0.0,0.0
1989-01-07 06:00:00,0.75,0.0,OperationMode.STOP_CLOSE,7.55,0.0034,7.17,0.0,0.0,0.0,OperationMode.HEATING,18.62,0.0402,15.41,12910.0,0.0,0.0,OperationMode.STOP_CLOSE,3.15,0.1902,3.82,0.0,0.0,0.0
1989-01-07 07:00:00,1.3,0.0,OperationMode.STOP_CLOSE,24.85,0.0034,17.89,29380.0,0.0,0.0,OperationMode.HEATING,18.15,0.0403,15.39,11015.0,0.0,0.0,OperationMode.STOP_CLOSE,2.77,0.1928,3.61,0.0,0.0,0.0
1989-01-07 08:00:00,2.55,0.0,OperationMode.HEATING,26.52,0.0035,21.54,17343.0,0.0,0.0,OperationMode.HEATING,16.43,0.0403,15.12,5923.0,0.0,0.0,OperationMode.STOP_CLOSE,3.24,0.1949,4.22,0.0,0.0,0.0
1989-01-07 09:00:00,5.07,0.0,OperationMode.HEATING,24.81,0.0036,21.52,8747.0,0.0,0.0,OperationMode.HEATING,16.13,0.0404,15.36,3553.0,0.0,0.0,OperationMode.STOP_CLOSE,3.84,0.1976,5.09,0.0,0.0,0.0
1989-01-07 10:00:00,7.39,0.0,OperationMode.HEATING,23.49,0.0037,21.5,3951.0,0.0,0.0,OperationMode.HEATING,15.64,0.037,15.75,121.0,0.0,-25366.0,OperationMode.STOP_CLOSE,4.95,0.2001,6.38,0.0,0.0,0.0
1989-01-07 11:00:00,7.7,0.0,OperationMode.HEATING,23.64,0.0039,21.48,4066.0,0.0,0.0,OperationMode.HEATING,16.25,0.0351,16.16,1092.0,0.0,-10589.0,OperationMode.STOP_CLOSE,5.92,0.2025,7.41,0.0,0.0,0.0
1989-01-07 12:00:00,8.34,0.0,OperationMode.HEATING,23.79,0.004,21.46,4511.0,0.0,0.0,OperationMode.HEATING,15.84,0.0359,15.89,358.0,0.0,0.0,OperationMode.STOP_CLOSE,6.71,0.205,8.14,0.0,0.0,0.0
1989-01-07 13:00:00,9.32,0.0,OperationMode.HEATING,21.32,0.004,19.97,1362.0,0.0,0.0,OperationMode.STOP_CLOSE,15.45,0.0364,15.59,0.0,0.0,0.0,OperationMode.STOP_CLOSE,7.43,0.2073,8.76,0.0,0.0,0.0
1989-01-07 14:00:00,9.12,0.0,OperationMode.STOP_CLOSE,18.67,0.004,17.89,0.0,0.0,0.0,OperationMode.STOP_CLOSE,14.99,0.0369,15.06,0.0,0.0,0.0,OperationMode.STOP_CLOSE,7.93,0.2101,9.12,0.0,0.0,0.0
1989-01-07 15:00:00,9.0,0.0,OperationMode.STOP_CLOSE,17.15,0.004,16.44,0.0,0.0,0.0,OperationMode.STOP_CLOSE,14.4,0.0374,14.39,0.0,0.0,0.0,OperationMode.STOP_CLOSE,8.14,0.2129,9.17,0.0,0.0,0.0
1989-01-07 16:00:00,8.96,0.0,OperationMode.HEATING,25.58,0.0041,21.44,14313.0,0.0,0.0,OperationMode.HEATING,16.78,0.0379,15.79,6335.0,0.0,0.0,OperationMode.STOP_CLOSE,7.68,0.2152,8.78,0.0,0.0,0.0
1989-01-07 17:00:00,8.82,0.0,OperationMode.HEATING,24.55,0.0041,21.43,9038.0,0.0,0.0,OperationMode.HEATING,16.31,0.0382,15.73,3895.0,0.0,0.0,OperationMode.STOP_OPEN,7.85,0.1869,8.83,0.0,0.0,0.0
1989-01-07 18:00:00,8.59,0.0,OperationMode.HEATING,24.4,0.0044,21.39,7720.0,0.0,0.0,OperationMode.HEATING,15.57,0.0384,15.26,2039.0,0.0,0.0,OperationMode.STOP_CLOSE,7.61,0.1903,8.64,0.0,0.0,0.0
1989-01-07 19:00:00,8.21,0.0,OperationMode.HEATING,24.49,0.0046,21.34,7636.0,0.0,0.0,OperationMode.STOP_CLOSE,13.92,0.0386,14.01,0.0,0.0,0.0,OperationMode.STOP_CLOSE,7.51,0.1932,8.5,0.0,0.0,0.0
1989-01-07 20:00:00,7.71,0.0,OperationMode.HEATING,24.57,0.0048,21.32,8098.0,0.0,0.0,OperationMode.HEATING,16.78,0.0389,15.62,8475.0,0.0,0.0,OperationMode.STOP_CLOSE,7.15,0.1959,8.18,0.0,0.0,0.0
1989-01-07 21:00:00,7.32,0.0,OperationMode.HEATING,24.58,0.0049,21.3,8043.0,0.0,0.0,OperationMode.HEATING,16.42,0.039,15.59,5542.0,0.0,0.0,OperationMode.STOP_CLOSE,7.23,0.1736,8.16,0.0,0.0,0.0
1989-01-07 22:00:00,7.31,0.0,OperationMode.HEATING,24.58,0.0049,21.29,8515.0,0.0,0.0,OperationMode.HEATING,16.43,0.0388,15.61,5115.0,0.0,0.0,OperationMode.STOP_OPEN,7.38,0.1519,8.26,0.0,0.0,0.0
1989-01-07 23:00:00,7.24,0.0,OperationMode.STOP_CLOSE,19.13,0.0049,17.84,0.0,0.0,0.0,OperationMode.HEATING,16.64,0.0386,15.64,5187.0,0.0,0.0,OperationMode.STOP_CLOSE,7.27,0.1529,8.19,0.0,0.0,0.0
1989-01-08 00:00:00,6.39,0.0,OperationMode.STOP_CLOSE,16.48,0.0048,15.45,0.0,0.0,0.0,OperationMode.HEATING,17.08,0.0385,15.66,6907.0,0.0,0.0,OperationMode.STOP_CLOSE,6.96,0.1558,7.85,0.0,0.0,0.0
1989-01-08 01:00:00,5.63,0.0,OperationMode.STOP_CLOSE,14.35,0.0048,13.53,0.0,0.0,0.0,OperationMode.HEATING,17.44,0.0384,15.68,8058.0,0.0,0.0,OperationMode.STOP_CLOSE,6.6,0.1587,7.42,0.0,0.0,0.0
1989-01-08 02:00:00,5.46,0.0,OperationMode.STOP_CLOSE,12.85,0.0048,12.16,0.0,0.0,0.0,OperationMode.HEATING,17.71,0.0383,15.69,8739.0,0.0,0.0,OperationMode.STOP_CLOSE,6.22,0.1616,7.0,0.0,0.0,0.0
1989-01-08 03:00:00,4.95,0.0,OperationMode.STOP_CLOSE,11.67,0.0047,11.11,0.0,0.0,0.0,OperationMode.HEATING,17.92,0.0383,15.69,9350.0,0.0,0.0,OperationMode.STOP_CLOSE,5.86,0.1645,6.61,0.0,0.0,0.0
1989-01-08 04:00:00,4.09,0.0,OperationMode.STOP_CLOSE,10.62,0.0047,10.16,0.0,0.0,0.0,OperationMode.HEATING,18.13,0.0383,15.69,10141.0,0.0,0.0,OperationMode.STOP_CLOSE,5.47,0.1674,6.2,0.0,0.0,0.0
1989-01-08 05:00:00,3.64,0.0,OperationMode.STOP_CLOSE,9.78,0.0047,9.37,0.0,0.0,0.0,OperationMode.HEATING,18.31,0.0384,15.69,10730.0,0.0,0.0,OperationMode.STOP_CLOSE,5.09,0.1703,5.79,0.0,0.0,0.0
1989-01-08 06:00:00,3.28,0.0,OperationMode.STOP_CLOSE,14.75,0.0046,11.9,12717.0,0.0,0.0,OperationMode.HEATING,18.45,0.0384,15.68,11249.0,0.0,0.0,OperationMode.STOP_CLOSE,4.77,0.1731,5.46,0.0,0.0,0.0
1989-01-08 07:00:00,3.32,0.0,OperationMode.HEATING,27.27,0.0046,21.34,21324.0,0.0,0.0,OperationMode.HEATING,17.36,0.0385,15.67,7279.0,0.0,0.0,OperationMode.STOP_CLOSE,4.29,0.1757,5.22,0.0,0.0,0.0
1989-01-08 08:00:00,3.88,0.0,OperationMode.HEATING,24.0,0.0047,21.32,8472.0,0.0,0.0,OperationMode.HEATING,15.56,0.0386,15.39,1109.0,0.0,0.0,OperationMode.STOP_CLOSE,4.9,0.1779,5.86,0.0,0.0,0.0
1989-01-08 09:00:00,5.6,0.0,OperationMode.HEATING,21.74,0.0048,21.29,794.0,0.0,0.0,OperationMode.STOP_CLOSE,16.13,0.0387,16.65,0.0,0.0,0.0,OperationMode.STOP_CLOSE,5.41,0.1806,6.58,0.0,0.0,0.0
1989-01-08 10:00:00,7.39,0.0,OperationMode.STOP_CLOSE,22.99,0.0047,23.14,0.0,0.0,0.0,OperationMode.STOP_CLOSE,18.2,0.0388,19.09,0.0,0.0,0.0,OperationMode.STOP_CLOSE,6.16,0.1835,7.53,0.0,0.0,0.0
1989-01-08 11:00:00,9.38,0.0,OperationMode.STOP_CLOSE,25.78,0.0047,26.04,0.0,0.0,0.0,OperationMode.STOP_CLOSE,20.96,0.0389,22.04,0.0,0.0,0.0,OperationMode.STOP_CLOSE,7.08,0.1865,8.68,0.0,0.0,0.0
1989-01-08 12:00:00,10.88,0.0,OperationMode.STOP_CLOSE,28.62,0.0047,28.85,0.0,0.0,0.0,OperationMode.STOP_CLOSE,23.75,0.0391,24.86,0.0,0.0,0.0,OperationMode.STOP_CLOSE,8.14,0.1894,9.95,0.0,0.0,0.0
1989-01-08 13:00:00,11.69,0.0,OperationMode.STOP_CLOSE,30.89,0.0048,30.99,0.0,0.0,0.0,OperationMode.STOP_CLOSE,26.06,0.0393,27.06,0.0,0.0,0.0,OperationMode.STOP_CLOSE,9.19,0.1924,11.17,0.0,0.0,0.0
1989-01-08 14:00:00,12.08,0.0,OperationMode.STOP_CLOSE,32.11,0.0048,31.89,0.0,0.0,0.0,OperationMode.STOP_CLOSE,27.47,0.0396,28.16,0.0,0.0,0.0,OperationMode.STOP_CLOSE,10.17,0.1954,12.23,0.0,0.0,0.0
1989-01-08 15:00:00,12.09,0.01,OperationMode.STOP_CLOSE,31.37,0.0048,30.68,0.0,0.0,0.0,OperationMode.STOP_CLOSE,27.32,0.0398,27.53,0.0,0.0,0.0,OperationMode.STOP_CLOSE,10.99,0.1983,13.0,0.0,0.0,0.0
1989-01-08 16:00:00,11.64,0.01,OperationMode.STOP_CLOSE,29.45,0.0048,28.47,0.0,0.0,0.0,OperationMode.STOP_CLOSE,26.12,0.0401,25.97,0.0,0.0,0.0,OperationMode.STOP_CLOSE,11.39,0.2013,13.2,0.0,0.0,0.0
1989-01-08 17:00:00,10.64,0.01,OperationMode.STOP_CLOSE,26.25,0.0048,24.99,0.0,0.0,0.0,OperationMode.STOP_CLOSE,23.79,0.0404,23.26,0.0,0.0,0.0,OperationMode.STOP_CLOSE,11.35,0.2044,12.85,0.0,0.0,0.0
1989-01-08 18:00:00,9.32,0.01,OperationMode.STOP_CLOSE,22.9,0.0048,21.67,0.0,0.0,0.0,OperationMode.STOP_CLOSE,21.16,0.0407,20.52,0.0,0.0,0.0,OperationMode.STOP_CLOSE,10.93,0.2074,12.13,0.0,0.0,0.0
1989-01-08 19:00:00,8.48,0.01,OperationMode.STOP_CLOSE,20.06,0.0049,18.98,0.0,0.0,0.0,OperationMode.STOP_CLOSE,18.82,0.0411,18.2,0.0,0.0,0.0,OperationMode.STOP_CLOSE,10.34,0.2105,11.31,0.0,0.0,0.0
1989-01-08 20:00:00,7.88,0.01,OperationMode.HEATING,24.72,0.005,21.28,9370.0,0.0,0.0,OperationMode.STOP_CLOSE,16.94,0.0414,16.46,0.0,0.0,0.0,OperationMode.STOP_CLOSE,9.46,0.2071,10.38,0.0,0.0,0.0
1989-01-08 21:00:00,7.2,0.0,OperationMode.HEATING,24.38,0.0051,21.26,7827.0,0.0,0.0,OperationMode.STOP_CLOSE,15.54,0.0413,15.27,0.0,0.0,0.0,OperationMode.STOP_OPEN,8.68,0.1597,9.59,0.0,0.0,0.0
1989-01-08 22:00:00,6.44,0.0,OperationMode.HEATING,24.49,0.0051,21.25,9154.0,0.0,0.0,OperationMode.STOP_CLOSE,15.1,0.0409,14.66,2101.0,0.0,0.0,OperationMode.STOP_CLOSE,8.33,0.1411,9.12,0.0,0.0,0.0
1989-01-08 23:00:00,5.7,0.0,OperationMode.STOP_CLOSE,18.81,0.0051,17.54,0.0,0.0,0.0,OperationMode.HEATING,16.48,0.0405,15.34,5887.0,0.0,0.0,OperationMode.STOP_CLOSE,8.04,0.1386,8.75,0.0,0.0,0.0
1989-01-09 00:00:00,5.05,0.0,OperationMode.STOP_CLOSE,16.02,0.0051,14.98,0.0,0.0,0.0,OperationMode.HEATING,16.91,0.0401,15.39,7261.0,0.0,0.0,OperationMode.STOP_CLOSE,7.37,0.1407,8.11,0.0,0.0,0.0
1989-01-09 01:00:00,4.69,0.0,OperationMode.STOP_CLOSE,13.87,0.0051,13.04,0.0,0.0,0.0,OperationMode.HEATING,17.29,0.0398,15.44,8447.0,0.0,0.0,OperationMode.STOP_CLOSE,6.82,0.1437,7.52,0.0,0.0,0.0
1989-01-09 02:00:00,4.65,0.0,OperationMode.STOP_CLOSE,12.38,0.0051,11.69,0.0,0.0,0.0,OperationMode.HEATING,17.58,0.0396,15.49,9110.0,0.0,0.0,OperationMode.STOP_CLOSE,6.32,0.1467,7.01,0.0,0.0,0.0
1989-01-09 03:00:00,4.82,0.0,OperationMode.STOP_CLOSE,11.3,0.005,10.75,0.0,0.0,0.0,OperationMode.HEATING,17.78,0.0394,15.52,9392.0,0.0,0.0,OperationMode.STOP_CLOSE,5.91,0.1497,6.6,0.0,0.0,0.0
1989-01-09 04:00:00,4.51,0.0,OperationMode.STOP_CLOSE,10.42,0.005,9.99,0.0,0.0,0.0,OperationMode.HEATING,17.95,0.0392,15.55,9769.0,0.0,0.0,OperationMode.STOP_CLOSE,5.55,0.1527,6.25,0.0,0.0,0.0
1989-01-09 05:00:00,4.16,0.0,OperationMode.STOP_CLOSE,9.71,0.005,9.35,0.0,0.0,0.0,OperationMode.HEATING,18.11,0.0391,15.57,10189.0,0.0,0.0,OperationMode.STOP_CLOSE,5.22,0.1556,5.92,0.0,0.0,0.0
1989-01-09 06:00:00,4.14,0.0,OperationMode.STOP_CLOSE,24.16,0.005,18.22,25060.0,0.0,0.0,OperationMode.HEATING,17.86,0.0389,15.59,9336.0,0.0,0.0,OperationMode.STOP_CLOSE,4.81,0.1584,5.62,0.0,0.0,0.0
1989-01-09 07:00:00,4.39,0.0,OperationMode.HEATING,25.76,0.0051,21.25,15082.0,0.0,0.0,OperationMode.HEATING,15.94,0.0388,14.93,4701.0,0.0,0.0,OperationMode.STOP_CLOSE,5.24,0.161,6.07,0.0,0.0,0.0
1989-01-09 08:00:00,4.96,0.0,OperationMode.HEATING,24.55,0.0052,21.25,9933.0,0.0,0.0,OperationMode.STOP_CLOSE,14.14,0.0387,14.03,0.0,0.0,0.0,OperationMode.STOP_CLOSE,5.33,0.1636,6.37,0.0,0.0,0.0
1989-01-09 09:00:00,6.11,0.0,OperationMode.HEATING,23.71,0.0052,21.24,5766.0,0.0,0.0,OperationMode.STOP_CLOSE,14.88,0.0387,14.72,2557.0,0.0,0.0,OperationMode.STOP_CLOSE,5.73,0.1664,6.91,0.0,0.0,0.0
1989-01-09 10:00:00,8.12,0.01,OperationMode.HEATING,22.08,0.0052,21.44,1010.0,0.0,0.0,OperationMode.STOP_CLOSE,15.82,0.0387,16.53,0.0,0.0,0.0,OperationMode.STOP_CLOSE,6.55,0.1693,7.87,0.0,0.0,0.0
1989-01-09 11:00:00,10.25,0.01,OperationMode.STOP_CLOSE,23.56,0.0052,23.65,0.0,0.0,0.0,OperationMode.STOP_CLOSE,18.37,0.0388,19.43,0.0,0.0,0.0,OperationMode.STOP_CLOSE,7.5,0.1722,8.99,0.0,0.0,0.0
1989-01-09 12:00:00,12.32,0.01,OperationMode.STOP_CLOSE,25.49,0.0054,26.01,0.0,0.0,0.0,OperationMode.STOP_CLOSE,21.32,0.0388,22.42,0.0,0.0,0.0,OperationMode.STOP_CLOSE,8.57,0.1749,10.27,0.0,0.0,0.0
1989-01-09 13:00:00,14.22,0.01,OperationMode.STOP_OPEN,25.33,0.0056,26.04,0.0,0.0,0.0,OperationMode.STOP_CLOSE,23.24,0.039,24.0,0.0,0.0,0.0,OperationMode.STOP_CLOSE,9.83,0.1778,11.7,0.0,0.0,0.0
1989-01-09 14:00:00,15.1,0.01,OperationMode.STOP_CLOSE,28.31,0.0056,28.36,0.0,0.0,0.0,OperationMode.STOP_CLOSE,24.99,0.0391,25.73,0.0,0.0,0.0,OperationMode.STOP_CLOSE,10.81,0.1807,12.72,0.0,0.0,0.0
1989-01-09 15:00:00,14.87,0.0,OperationMode.STOP_CLOSE,29.16,0.0055,28.89,0.0,0.0,0.0,OperationMode.STOP_CLOSE,25.81,0.0392,26.24,0.0,0.0,0.0,OperationMode.STOP_CLOSE,11.56,0.1837,13.46,0.0,0.0,0.0
1989-01-09 16:00:00,14.35,0.0,OperationMode.STOP_OPEN,25.54,0.0054,25.64,0.0,0.0,0.0,OperationMode.STOP_CLOSE,25.03,0.0394,24.95,0.0,0.0,0.0,OperationMode.STOP_CLOSE,12.08,0.1864,13.79,0.0,0.0,0.0
1989-01-09 17:00:00,13.91,0.0,OperationMode.STOP_CLOSE,25.65,0.0055,24.33,0.0,0.0,0.0,OperationMode.STOP_CLOSE,23.19,0.0395,22.76,0.0,0.0,0.0,OperationMode.STOP_CLOSE,12.0,0.1893,13.49,0.0,0.0,0.0
1989-01-09 18:00:00,13.15,0.0,OperationMode.STOP_CLOSE,23.67,0.0055,22.33,0.0,0.0,0.0,OperationMode.STOP_CLOSE,20.72,0.0381,20.42,0.0,0.0,0.0,OperationMode.STOP_CLOSE,11.73,0.192,12.98,0.0,0.0,0.0
1989-01-09 19:00:00,12.18,0.0,OperationMode.STOP_CLOSE,22.05,0.0056,20.66,1142.0,0.0,0.0,OperationMode.STOP_CLOSE,19.25,0.0375,18.79,0.0,0.0,0.0,OperationMode.STOP_CLOSE,11.27,0.1947,12.35,0.0,0.0,0.0
1989-01-09 20:00:00,11.58,0.0,OperationMode.HEATING,23.37,0.0057,21.14,4538.0,0.0,0.0,OperationMode.STOP_CLOSE,17.85,0.0378,17.51,0.0,0.0,0.0,OperationMode.STOP_CLOSE,10.74,0.1918,11.73,0.0,0.0,0.0
1989-01-09 21:00:00,11.09,0.0,OperationMode.HEATING,23.5,0.0058,21.14,5289.0,0.0,0.0,OperationMode.STOP_CLOSE,16.77,0.0377,16.54,0.0,0.0,0.0,OperationMode.STOP_OPEN,10.66,0.1478,11.45,0.0,0.0,0.0
1989-01-09 22:00:00,10.9,0.0,OperationMode.HEATING,23.62,0.0057,21.14,5911.0,0.0,0.0,OperationMode.STOP_CLOSE,16.0,0.0373,15.83,0.0,0.0,0.0,OperationMode.STOP_OPEN,10.35,0.1264,11.14,0.0,0.0,0.0
1989-01-09 23:00:00,10.41,0.0,OperationMode.HEATING,21.94,0.0057,20.06,3263.0,0.0,0.0,OperationMode.STOP_CLOSE,15.49,0.0369,15.33,0.0,0.0,0.0,OperationMode.STOP_CLOSE,10.04,0.1265,10.82,0.0,0.0,0.0
1989-01-10 00:00:00,9.15,0.0,OperationMode.STOP_CLOSE,17.98,0.0055,17.08,0.0,0.0,0.0,OperationMode.STOP_CLOSE,16.65,0.0365,15.7,5173.0,0.0,0.0,OperationMode.STOP_CLOSE,9.35,0.1284,10.16,0.0,0.0,0.0
1989-01-10 01:00:00,7.91,0.0,OperationMode.STOP_CLOSE,15.83,0.0054,15.09,0.0,0.0,0.0,OperationMode.HEATING,17.4,0.0362,16.02,6773.0,0.0,0.0,OperationMode.STOP_CLOSE,8.71,0.1311,9.48,0.0,0.0,0.0
1989-01-10 02:00:00,6.8,0.0,OperationMode.STOP_CLOSE,14.19,0.0052,13.52,0.0,0.0,0.0,OperationMode.HEATING,17.79,0.0359,16.07,7920.0,0.0,0.0,OperationMode.STOP_CLOSE,8.06,0.1339,8.78,0.0,0.0,0.0
1989-01-10 03:00:00,6.04,0.0,OperationMode.STOP_CLOSE,12.85,0.005,12.28,0.0,0.0,0.0,OperationMode.HEATING,18.15,0.0356,16.12,8957.0,0.0,0.0,OperationMode.STOP_CLOSE,7.42,0.1366,8.12,0.0,0.0,0.0
1989-01-10 04:00:00,5.41,0.0,OperationMode.STOP_CLOSE,11.73,0.0049,11.25,0.0,0.0,0.0,OperationMode.HEATING,18.44,0.0354,16.16,9763.0,0.0,0.0,OperationMode.STOP_CLOSE,6.83,0.1393,7.51,0.0,0.0,0.0
1989-01-10 05:00:00,5.02,0.0,OperationMode.STOP_CLOSE,10.84,0.0047,10.42,0.0,0.0,0.0,OperationMode.HEATING,18.68,0.0352,16.19,10344.0,0.0,0.0,OperationMode.STOP_CLOSE,6.28,0.142,6.96,0.0,0.0,0.0
1989-01-10 06:00:00,4.56,0.0,OperationMode.STOP_CLOSE,24.15,0.0047,18.5,23488.0,0.0,0.0,OperationMode.HEATING,18.53,0.035,16.22,9863.0,0.0,0.0,OperationMode.STOP_CLOSE,5.71,0.1445,6.49,0.0,0.0,0.0
1989-01-10 07:00:00,3.96,0.0,OperationMode.HEATING,25.63,0.0047,21.33,14226.0,0.0,0.0,OperationMode.HEATING,16.54,0.0348,15.5,5034.0,0.0,0.0,OperationMode.STOP_CLOSE,5.92,0.1467,6.69,0.0,0.0,0.0
1989-01-10 08:00:00,4.28,0.0,OperationMode.HEATING,23.61,0.0046,21.34,6469.0,0.0,0.0,OperationMode.STOP_CLOSE,15.1,0.0347,15.2,0.0,0.0,0.0,OperationMode.STOP_CLOSE,5.82,0.1491,6.79,0.0,0.0,0.0
1989-01-10 09:00:00,5.46,0.0,OperationMode.HEATING,21.75,0.0045,21.35,-1009.0,0.0,0.0,OperationMode.STOP_CLOSE,16.08,0.0346,16.64,0.0,0.0,0.0,OperationMode.STOP_CLOSE,6.17,0.1516,7.27,0.0,0.0,0.0
1989-01-10 10:00:00,6.59,0.0,OperationMode.HEATING,21.74,0.0045,22.28,-2003.0,0.0,0.0,OperationMode.STOP_CLOSE,18.1,0.0345,18.99,0.0,0.0,0.0,OperationMode.STOP_CLOSE,6.78,0.1541,8.03,0.0,0.0,0.0
1989-01-10 11:00:00,7.31,0.0,OperationMode.STOP_CLOSE,25.09,0.0043,25.29,0.0,0.0,0.0,OperationMode.STOP_CLOSE,20.52,0.0345,21.55,0.0,0.0,0.0,OperationMode.STOP_CLOSE,7.41,0.1567,8.88,0.0,0.0,0.0
1989-01-10 12:00:00,7.93,0.0,OperationMode.STOP_OPEN,25.46,0.004,26.19,0.0,0.0,0.0,OperationMode.STOP_CLOSE,22.68,0.0344,23.61,0.0,0.0,0.0,OperationMode.STOP_CLOSE,8.27,0.1591,9.89,0.0,0.0,0.0
1989-01-10 13:00:00,7.69,0.0,OperationMode.STOP_OPEN,24.83,0.0036,25.95,0.0,0.0,0.0,OperationMode.STOP_CLOSE,24.14,0.0344,24.85,0.0,0.0,0.0,OperationMode.STOP_CLOSE,9.06,0.1616,10.74,0.0,0.0,0.0
1989-01-10 14:00:00,7.35,0.0,OperationMode.STOP_CLOSE,27.18,0.0035,26.97,0.0,0.0,0.0,OperationMode.STOP_CLOSE,24.66,0.0344,25.04,0.0,0.0,0.0,OperationMode.STOP_CLOSE,9.6,0.1639,11.29,0.0,0.0,0.0
1989-01-10 15:00:00,6.91,0.0,OperationMode.STOP_CLOSE,26.86,0.0034,26.29,0.0,0.0,0.0,OperationMode.STOP_CLOSE,24.2,0.0344,24.28,0.0,0.0,0.0,OperationMode.STOP_CLOSE,9.92,0.1663,11.51,0.0,0.0,0.0
1989-01-10 16:00:00,6.34,0.0,OperationMode.STOP_CLOSE,25.29,0.0034,24.28,0.0,0.0,0.0,OperationMode.STOP_CLOSE,22.68,0.0345,22.41,0.0,0.0,0.0,OperationMode.STOP_CLOSE,9.91,0.1685,11.3,0.0,0.0,0.0
1989-01-10 17:00:00,5.64,0.0,OperationMode.STOP_CLOSE,23.24,0.0034,21.68,0.0,0.0,0.0,OperationMode.STOP_CLOSE,20.29,0.0345,19.72,0.0,0.0,0.0,OperationMode.STOP_CLOSE,9.52,0.1708,10.65,0.0,0.0,0.0
1989-01-10 18:00:00,5.01,0.0,OperationMode.HEATING,24.77,0.0034,21.56,7963.0,0.0,0.0,OperationMode.STOP_CLOSE,17.75,0.0346,17.14,0.0,0.0,0.0,OperationMode.STOP_CLOSE,8.77,0.173,9.72,0.0,0.0,0.0
1989-01-10 19:00:00,4.55,0.0,OperationMode.HEATING,25.15,0.0034,21.56,9817.0,0.0,0.0,OperationMode.STOP_CLOSE,15.71,0.0347,15.27,0.0,0.0,0.0,OperationMode.STOP_CLOSE,8.02,0.1754,8.87,0.0,0.0,0.0
1989-01-10 20:00:00,4.04,0.0,OperationMode.HEATING,25.29,0.0036,21.53,9495.0,0.0,0.0,OperationMode.STOP_CLOSE,17.17,0.0348,15.75,8398.0,0.0,0.0,OperationMode.STOP_CLOSE,7.08,0.1727,7.99,0.0,0.0,0.0
1989-01-10 21:00:00,3.38,0.0,OperationMode.HEATING,25.39,0.0036,21.52,10018.0,0.0,0.0,OperationMode.HEATING,17.77,0.0348,16.25,8715.0,0.0,0.0,OperationMode.STOP_CLOSE,6.7,0.1669,7.5,0.0,0.0,0.0
1989-01-10 22:00:00,2.92,0.0,OperationMode.HEATING,25.5,0.0036,21.51,10472.0,0.0,0.0,OperationMode.HEATING,17.78,0.0348,16.26,8458.0,0.0,0.0,OperationMode.STOP_OPEN,6.03,0.1519,6.97,0.0,0.0,0.0
1989-01-10 23:00:00,2.58,0.0,OperationMode.HEATING,22.68,0.0036,19.8,5466.0,0.0,0.0,OperationMode.HEATING,17.92,0.0347,16.28,8528.0,0.0,0.0,OperationMode.STOP_CLOSE,5.87,0.151,6.74,0.0,0.0,0.0
1989-01-11 00:00:00,1.86,0.0,OperationMode.STOP_CLOSE,16.68,0.0035,15.37,0.0,0.0,0.0,OperationMode.HEATING,18.43,0.0346,16.29,10494.0,0.0,0.0,OperationMode.STOP_CLOSE,5.44,0.1523,6.28,0.0,0.0,0.0
1989-01-11 01:00:00,1.26,0.0,OperationMode.STOP_CLOSE,13.79,0.0035,12.72,0.0,0.0,0.0,OperationMode.HEATING,18.89,0.0346,16.29,12062.0,0.0,0.0,OperationMode.STOP_CLOSE,4.95,0.1548,5.72,0.0,0.0,0.0
1989-01-11 02:00:00,1.16,0.0,OperationMode.STOP_CLOSE,11.76,0.0034,10.86,0.0,0.0,0.0,OperationMode.HEATING,19.21,0.0346,16.29,12858.0,0.0,0.0,OperationMode.STOP_CLOSE,4.45,0.1573,5.18,0.0,0.0,0.0
1989-01-11 03:00:00,0.95,0.0,OperationMode.STOP_CLOSE,10.25,0.0033,9.52,0.0,0.0,0.0,OperationMode.HEATING,19.43,0.0346,16.29,13381.0,0.0,0.0,OperationMode.STOP_CLOSE,4.0,0.1599,4.71,0.0,0.0,0.0
1989-01-11 04:00:00,0.51,0.0,OperationMode.STOP_CLOSE,9.02,0.0033,8.44,0.0,0.0,0.0,OperationMode.HEATING,19.62,0.0347,16.28,13944.0,0.0,0.0,OperationMode.STOP_CLOSE,3.58,0.1624,4.28,0.0,0.0,0.0
1989-01-11 05:00:00,0.28,0.0,OperationMode.STOP_CLOSE,8.05,0.0032,7.56,0.0,0.0,0.0,OperationMode.HEATING,19.77,0.0348,16.26,14377.0,0.0,0.0,OperationMode.STOP_CLOSE,3.18,0.1649,3.87,0.0,0.0,0.0
1989-01-11 06:00:00,0.36,0.0,OperationMode.STOP_CLOSE,25.04,0.0033,17.98,29900.0,0.0,0.0,OperationMode.HEATING,19.43,0.0349,16.25,13218.0,0.0,0.0,OperationMode.STOP_CLOSE,2.65,0.1673,3.48,0.0,0.0,0.0
1989-01-11 07:00:00,0.6,0.0,OperationMode.HEATING,26.82,0.0034,21.56,17819.0,0.0,0.0,OperationMode.HEATING,16.77,0.0349,15.28,6596.0,0.0,0.0,OperationMode.STOP_CLOSE,3.1,0.1692,3.95,0.0,0.0,0.0
1989-01-11 08:00:00,1.89,0.0,OperationMode.HEATING,24.49,0.0034,21.55,8720.0,0.0,0.0,OperationMode.STOP_CLOSE,14.73,0.035,14.64,0.0,0.0,0.0,OperationMode.STOP_CLOSE,3.33,0.1713,4.39,0.0,0.0,0.0
1989-01-11 09:00:00,3.95,0.0,OperationMode.HEATING,22.57,0.0034,21.55,892.0,0.0,0.0,OperationMode.STOP_CLOSE,15.44,0.0351,15.87,0.0,0.0,0.0,OperationMode.STOP_CLOSE,4.02,0.1739,5.23,0.0,0.0,0.0
1989-01-11 10:00:00,5.12,0.0,OperationMode.HEATING,21.88,0.0034,21.86,-990.0,0.0,0.0,OperationMode.STOP_CLOSE,17.09,0.0353,17.79,0.0,0.0,0.0,OperationMode.STOP_CLOSE,4.98,0.1764,6.35,0.0,0.0,0.0
1989-01-11 11:00:00,5.6,0.0,OperationMode.STOP_CLOSE,22.66,0.0034,22.35,0.0,0.0,0.0,OperationMode.STOP_CLOSE,18.21,0.0354,18.81,0.0,0.0,0.0,OperationMode.STOP_CLOSE,6.02,0.1789,7.55,0.0,0.0,0.0
1989-01-11 12:00:00,6.38,0.0,OperationMode.STOP_CLOSE,24.59,0.0034,24.15,0.0,0.0,0.0,OperationMode.STOP_CLOSE,19.74,0.0356,20.47,0.0,0.0,0.0,OperationMode.STOP_CLOSE,6.95,0.1813,8.55,0.0,0.0,0.0
1989-01-11 13:00:00,6.0,0.0,OperationMode.STOP_CLOSE,24.49,0.0034,23.82,0.0,0.0,0.0,OperationMode.STOP_CLOSE,20.21,0.0358,20.56,0.0,0.0,0.0,OperationMode.STOP_CLOSE,7.82,0.1839,9.44,0.0,0.0,0.0
1989-01-11 14:00:00,6.19,0.0,OperationMode.STOP_CLOSE,22.85,0.0033,22.09,0.0,0.0,0.0,OperationMode.STOP_CLOSE,19.56,0.036,19.61,0.0,0.0,0.0,OperationMode.STOP_CLOSE,8.45,0.1864,9.92,0.0,0.0,0.0
1989-01-11 15:00:00,6.46,0.0,OperationMode.STOP_CLOSE,21.92,0.0033,21.25,0.0,0.0,0.0,OperationMode.STOP_CLOSE,19.08,0.0362,19.12,0.0,0.0,0.0,OperationMode.STOP_CLOSE,8.71,0.1891,10.02,0.0,0.0,0.0
1989-01-11 16:00:00,6.1,0.0,OperationMode.STOP_CLOSE,23.33,0.0033,21.27,5005.0,0.0,0.0,OperationMode.STOP_CLOSE,17.93,0.0364,17.72,0.0,0.0,0.0,OperationMode.STOP_CLOSE,8.6,0.1916,9.74,0.0,0.0,0.0
1989-01-11 17:00:00,5.34,0.0,OperationMode.HEATING,24.69,0.0033,21.57,7323.0,0.0,0.0,OperationMode.STOP_CLOSE,16.19,0.0366,15.94,0.0,0.0,0.0,OperationMode.STOP_CLOSE,8.15,0.1941,9.13,0.0,0.0,0.0
1989-01-11 18:00:00,4.71,0.0,OperationMode.HEATING,25.15,0.0033,21.56,9681.0,0.0,0.0,OperationMode.STOP_CLOSE,16.13,0.0369,15.29,4862.0,0.0,0.0,OperationMode.STOP_CLOSE,7.51,0.1966,8.41,0.0,0.0,0.0
1989-01-11 19:00:00,4.36,0.0,OperationMode.HEATING,25.3,0.0035,21.55,10606.0,0.0,0.0,OperationMode.HEATING,15.95,0.0372,15.16,3807.0,0.0,0.0,OperationMode.STOP_CLOSE,6.91,0.199,7.8,0.0,0.0,0.0
1989-01-11 20:00:00,4.26,0.0,OperationMode.HEATING,25.36,0.0036,21.52,9806.0,0.0,0.0,OperationMode.STOP_CLOSE,16.6,0.0374,15.32,8561.0,0.0,0.0,OperationMode.STOP_CLOSE,6.33,0.1958,7.27,0.0,0.0,0.0
1989-01-11 21:00:00,4.16,0.0,OperationMode.HEATING,25.38,0.0037,21.51,9943.0,0.0,0.0,OperationMode.HEATING,17.22,0.0374,15.84,8378.0,0.0,0.0,OperationMode.STOP_OPEN,5.92,0.1653,6.88,0.0,0.0,0.0
1989-01-11 22:00:00,4.02,0.0,OperationMode.HEATING,25.41,0.0037,21.51,10127.0,0.0,0.0,OperationMode.HEATING,17.2,0.0372,15.86,7686.0,0.0,0.0,OperationMode.STOP_CLOSE,5.92,0.1616,6.83,0.0,0.0,0.0
1989-01-11 23:00:00,3.9,0.0,OperationMode.HEATING,22.68,0.0036,19.87,5237.0,0.0,0.0,OperationMode.HEATING,17.29,0.0371,15.89,7389.0,0.0,0.0,OperationMode.STOP_CLOSE,5.83,0.159,6.74,0.0,0.0,0.0
1989-01-12 00:00:00,3.9,0.0,OperationMode.STOP_CLOSE,17.01,0.0036,15.74,0.0,0.0,0.0,OperationMode.HEATING,17.72,0.037,15.9,8832.0,0.0,0.0,OperationMode.STOP_CLOSE,5.55,0.1605,6.45,0.0,0.0,0.0
1989-01-12 01:00:00,3.79,0.0,OperationMode.STOP_CLOSE,14.39,0.0035,13.37,0.0,0.0,0.0,OperationMode.HEATING,18.08,0.0369,15.91,9925.0,0.0,0.0,OperationMode.STOP_CLOSE,5.26,0.1632,6.11,0.0,0.0,0.0
1989-01-12 02:00:00,3.53,0.0,OperationMode.STOP_CLOSE,12.53,0.0034,11.69,0.0,0.0,0.0,OperationMode.HEATING,18.36,0.0369,15.92,10664.0,0.0,0.0,OperationMode.STOP_CLOSE,4.94,0.166,5.75,0.0,0.0,0.0
1989-01-12 03:00:00,3.29,0.0,OperationMode.STOP_CLOSE,11.13,0.0034,10.44,0.0,0.0,0.0,OperationMode.HEATING,18.57,0.0369,15.92,11233.0,0.0,0.0,OperationMode.STOP_CLOSE,4.61,0.1687,5.39,0.0,0.0,0.0
1989-01-12 04:00:00,2.8,0.0,OperationMode.STOP_CLOSE,9.99,0.0033,9.44,0.0,0.0,0.0,OperationMode.HEATING,18.76,0.037,15.91,11814.0,0.0,0.0,OperationMode.STOP_CLOSE,4.29,0.1715,5.04,0.0,0.0,0.0
1989-01-12 05:00:00,1.96,0.0,OperationMode.STOP_CLOSE,9.01,0.0033,8.54,0.0,0.0,0.0,OperationMode.HEATING,18.95,0.0371,15.9,12540.0,0.0,0.0,OperationMode.STOP_CLOSE,3.94,0.1742,4.67,0.0,0.0,0.0
1989-01-12 06:00:00,1.21,0.0,OperationMode.STOP_CLOSE,24.9,0.0033,18.19,28249.0,0.0,0.0,OperationMode.HEATING,18.73,0.0371,15.89,12035.0,0.0,0.0,OperationMode.STOP_CLOSE,3.4,0.1767,4.22,0.0,0.0,0.0
1989-01-12 07:00:00,0.98,0.0,OperationMode.HEATING,26.65,0.0034,21.56,17150.0,0.0,0.0,OperationMode.HEATING,16.3,0.0371,14.99,6106.0,0.0,0.0,OperationMode.STOP_CLOSE,3.73,0.1788,4.54,0.0,0.0,0.0
1989-01-12 08:00:00,1.81,0.0,OperationMode.HEATING,24.35,0.0034,21.55,8231.0,0.0,0.0,OperationMode.STOP_CLOSE,14.48,0.0372,14.5,0.0,0.0,0.0,OperationMode.STOP_CLOSE,3.82,0.1811,4.83,0.0,0.0,0.0
1989-01-12 09:00:00,3.71,0.0,OperationMode.HEATING,22.4,0.0034,21.55,332.0,0.0,0.0,OperationMode.STOP_CLOSE,15.35,0.0373,15.87,0.0,0.0,0.0,OperationMode.STOP_CLOSE,4.39,0.1838,5.54,0.0,0.0,0.0
1989-01-12 10:00:00,5.58,0.0,OperationMode.HEATING,22.07,0.0034,22.33,-1443.0,0.0,0.0,OperationMode.STOP_CLOSE,17.39,0.0375,18.27,0.0,0.0,0.0,OperationMode.STOP_CLOSE,5.23,0.1864,6.54,0.0,0.0,0.0
1989-01-12 11:00:00,7.22,0.0,OperationMode.STOP_CLOSE,25.11,0.0034,25.24,0.0,0.0,0.0,OperationMode.STOP_CLOSE,20.0,0.0376,21.07,0.0,0.0,0.0,OperationMode.STOP_CLOSE,6.13,0.1891,7.66,0.0,0.0,0.0
1989-01-12 12:00:00,8.02,0.0,OperationMode.STOP_OPEN,24.91,0.0033,26.04,0.0,0.0,0.0,OperationMode.STOP_CLOSE,22.54,0.0378,23.58,0.0,0.0,0.0,OperationMode.STOP_CLOSE,7.21,0.1917,8.9,0.0,0.0,0.0
1989-01-12 13:00:00,7.75,0.0,OperationMode.STOP_CLOSE,25.43,0.0033,26.09,0.0,0.0,0.0,OperationMode.STOP_CLOSE,23.95,0.038,24.57,0.0,0.0,0.0,OperationMode.STOP_CLOSE,8.21,0.1944,9.99,0.0,0.0,0.0
1989-01-12 14:00:00,7.43,0.0,OperationMode.STOP_CLOSE,26.05,0.0032,25.43,0.0,0.0,0.0,OperationMode.STOP_CLOSE,23.52,0.0382,23.6,0.0,0.0,0.0,OperationMode.STOP_CLOSE,9.0,0.197,10.76,0.0,0.0,0.0
1989-01-12 15:00:00,7.11,0.0,OperationMode.STOP_CLOSE,25.27,0.0032,24.62,0.0,0.0,0.0,OperationMode.STOP_CLOSE,22.82,0.0384,22.83,0.0,0.0,0.0,OperationMode.STOP_CLOSE,9.42,0.1997,11.0,0.0,0.0,0.0
1989-01-12 16:00:00,6.39,0.0,OperationMode.STOP_CLOSE,24.23,0.0032,23.33,0.0,0.0,0.0,OperationMode.STOP_CLOSE,21.68,0.0386,21.49,0.0,0.0,0.0,OperationMode.STOP_CLOSE,9.44,0.2022,10.8,0.0,0.0,0.0
1989-01-12 17:00:00,5.36,0.0,OperationMode.STOP_CLOSE,23.3,0.0032,21.52,1658.0,0.0,0.0,OperationMode.STOP_CLOSE,19.59,0.0388,19.12,0.0,0.0,0.0,OperationMode.STOP_CLOSE,9.08,0.2047,10.19,0.0,0.0,0.0
1989-01-12 18:00:00,4.39,0.0,OperationMode.HEATING,24.86,0.0033,21.57,8305.0,0.0,0.0,OperationMode.STOP_CLOSE,17.17,0.0391,16.65,0.0,0.0,0.0,OperationMode.STOP_CLOSE,8.36,0.2072,9.31,0.0,0.0,0.0
1989-01-12 19:00:00,3.55,0.0,OperationMode.HEATING,25.29,0.0035,21.55,10509.0,0.0,0.0,OperationMode.STOP_CLOSE,15.12,0.0394,14.73,0.0,0.0,0.0,OperationMode.STOP_CLOSE,7.62,0.2098,8.45,0.0,0.0,0.0
1989-01-12 20:00:00,3.34,0.0,OperationMode.HEATING,25.42,0.0037,21.51,10032.0,0.0,0.0,OperationMode.STOP_CLOSE,16.31,0.0396,15.04,7624.0,0.0,0.0,OperationMode.STOP_CLOSE,6.69,0.2064,7.58,0.0,0.0,0.0
1989-01-12 21:00:00,3.51,0.0,OperationMode.HEATING,25.45,0.0038,21.49,10228.0,0.0,0.0,OperationMode.HEATING,16.83,0.0396,15.49,7822.0,0.0,0.0,OperationMode.STOP_OPEN,5.96,0.171,6.88,0.0,0.0,0.0
1989-01-12 22:00:00,3.36,0.0,OperationMode.HEATING,25.48,0.0038,21.48,10459.0,0.0,0.0,OperationMode.HEATING,16.84,0.0393,15.52,7463.0,0.0,0.0,OperationMode.STOP_OPEN,5.76,0.1566,6.67,0.0,0.0,0.0
1989-01-12 23:00:00,2.61,0.0,OperationMode.HEATING,22.65,0.0038,19.74,5499.0,0.0,0.0,OperationMode.HEATING,17.01,0.0391,15.57,7688.0,0.0,0.0,OperationMode.STOP_CLOSE,5.65,0.156,6.52,0.0,0.0,0.0
1989-01-13 00:00:00,2.19,0.0,OperationMode.STOP_CLOSE,16.63,0.0038,15.32,0.0,0.0,0.0,OperationMode.HEATING,17.54,0.0389,15.6,9613.0,0.0,0.0,OperationMode.STOP_CLOSE,5.28,0.1576,6.11,0.0,0.0,0.0
1989-01-13 01:00:00,1.96,0.0,OperationMode.STOP_CLOSE,13.81,0.0038,12.74,0.0,0.0,0.0,OperationMode.HEATING,17.98,0.0387,15.62,10933.0,0.0,0.0,OperationMode.STOP_CLOSE,4.87,0.1605,5.64,0.0,0.0,0.0
1989-01-13 02:00:00,1.68,0.0,OperationMode.STOP_CLOSE,11.83,0.0037,10.93,0.0,0.0,0.0,OperationMode.HEATING,18.3,0.0386,15.64,11720.0,0.0,0.0,OperationMode.STOP_CLOSE,4.45,0.1633,5.18,0.0,0.0,0.0
1989-01-13 03:00:00,1.15,0.0,OperationMode.STOP_CLOSE,10.29,0.0037,9.56,0.0,0.0,0.0,OperationMode.HEATING,18.56,0.0386,15.65,12452.0,0.0,0.0,OperationMode.STOP_CLOSE,4.04,0.1662,4.74,0.0,0.0,0.0
1989-01-13 04:00:00,0.79,0.0,OperationMode.STOP_CLOSE,9.05,0.0037,8.47,0.0,0.0,0.0,OperationMode.HEATING,18.77,0.0386,15.66,13027.0,0.0,0.0,OperationMode.STOP_CLOSE,3.64,0.169,4.32,0.0,0.0,0.0
1989-01-13 05:00:00,0.49,0.0,OperationMode.STOP_CLOSE,8.09,0.0036,7.6,0.0,0.0,0.0,OperationMode.HEATING,18.94,0.0386,15.66,13488.0,0.0,0.0,OperationMode.STOP_CLOSE,3.26,0.1719,3.94,0.0,0.0,0.0
1989-01-13 06:00:00,0.22,0.0,OperationMode.STOP_CLOSE,24.97,0.0037,17.92,29803.0,0.0,0.0,OperationMode.HEATING,18.65,0.0386,15.66,12555.0,0.0,0.0,OperationMode.STOP_CLOSE,2.73,0.1745,3.54,0.0,0.0,0.0
1989-01-13 07:00:00,0.18,0.0,OperationMode.HEATING,26.8,0.0038,21.49,18021.0,0.0,0.0,OperationMode.HEATING,16.13,0.0385,14.74,6371.0,0.0,0.0,OperationMode.STOP_CLOSE,3.14,0.1767,3.96,0.0,0.0,0.0
1989-01-13 08:00:00,1.12,0.0,OperationMode.HEATING,24.58,0.0038,21.48,9279.0,0.0,0.0,OperationMode.STOP_CLOSE,14.12,0.0385,14.08,0.0,0.0,0.0,OperationMode.STOP_CLOSE,3.3,0.1791,4.32,0.0,0.0,0.0
1989-01-13 09:00:00,3.55,0.0,OperationMode.HEATING,22.48,0.0038,21.48,799.0,0.0,0.0,OperationMode.STOP_CLOSE,14.96,0.0385,15.47,0.0,0.0,0.0,OperationMode.STOP_CLOSE,3.93,0.1818,5.08,0.0,0.0,0.0
1989-01-13 10:00:00,5.75,0.0,OperationMode.HEATING,22.02,0.0038,22.27,-1459.0,0.0,0.0,OperationMode.STOP_CLOSE,17.13,0.0386,18.03,0.0,0.0,0.0,OperationMode.STOP_CLOSE,4.85,0.1846,6.17,0.0,0.0,0.0
1989-01-13 11:00:00,6.84,0.0,OperationMode.STOP_CLOSE,24.98,0.0038,25.09,0.0,0.0,0.0,OperationMode.STOP_CLOSE,19.74,0.0387,20.81,0.0,0.0,0.0,OperationMode.STOP_CLOSE,5.81,0.1874,7.36,0.0,0.0,0.0
1989-01-13 12:00:00,7.48,0.0,OperationMode.STOP_OPEN,25.27,0.0037,25.97,0.0,0.0,0.0,OperationMode.STOP_CLOSE,22.06,0.0388,23.06,0.0,0.0,0.0,OperationMode.STOP_CLOSE,6.93,0.19,8.63,0.0,0.0,0.0
1989-01-13 13:00:00,7.3,0.0,OperationMode.STOP_OPEN,24.83,0.0035,25.98,0.0,0.0,0.0,OperationMode.STOP_CLOSE,23.82,0.0389,24.61,0.0,0.0,0.0,OperationMode.STOP_CLOSE,7.9,0.1928,9.64,0.0,0.0,0.0
1989-01-13 14:00:00,6.28,0.0,OperationMode.STOP_CLOSE,27.0,0.0034,26.75,0.0,0.0,0.0,OperationMode.STOP_CLOSE,24.26,0.039,24.67,0.0,0.0,0.0,OperationMode.STOP_CLOSE,8.61,0.1954,10.36,0.0,0.0,0.0
1989-01-13 15:00:00,5.36,0.0,OperationMode.STOP_CLOSE,27.07,0.0034,26.59,0.0,0.0,0.0,OperationMode.STOP_CLOSE,24.07,0.0391,24.31,0.0,0.0,0.0,OperationMode.STOP_CLOSE,8.97,0.198,10.58,0.0,0.0,0.0
1989-01-13 16:00:00,4.89,0.0,OperationMode.STOP_OPEN,24.35,0.0033,23.88,0.0,0.0,0.0,OperationMode.STOP_CLOSE,22.84,0.0393,22.64,0.0,0.0,0.0,OperationMode.STOP_CLOSE,9.06,0.2004,10.45,0.0,0.0,0.0
1989-01-13 17:00:00,3.98,0.0,OperationMode.STOP_CLOSE,23.2,0.0034,21.6,0.0,0.0,0.0,OperationMode.STOP_CLOSE,20.34,0.0394,19.75,0.0,0.0,0.0,OperationMode.STOP_CLOSE,8.69,0.2029,9.84,0.0,0.0,0.0
1989-01-13 18:00:00,3.3,0.0,OperationMode.HEATING,25.07,0.0034,21.56,9057.0,0.0,0.0,OperationMode.STOP_CLOSE,17.55,0.0396,16.88,0.0,0.0,0.0,OperationMode.STOP_CLOSE,7.96,0.2053,8.91,0.0,0.0,0.0
1989-01-13 19:00:00,2.54,0.0,OperationMode.HEATING,25.48,0.0035,21.54,11032.0,0.0,0.0,OperationMode.STOP_CLOSE,15.25,0.0398,14.76,0.0,0.0,0.0,OperationMode.STOP_CLOSE,7.19,0.2079,8.01,0.0,0.0,0.0
1989-01-13 20:00:00,1.95,0.0,OperationMode.HEATING,25.64,0.0037,21.51,10677.0,0.0,0.0,OperationMode.STOP_CLOSE,16.39,0.04,14.98,8124.0,0.0,0.0,OperationMode.STOP_CLOSE,6.16,0.2044,7.06,0.0,0.0,0.0
1989-01-13 21:00:00,1.48,0.0,OperationMode.HEATING,25.75,0.0038,21.49,11214.0,0.0,0.0,OperationMode.HEATING,17.01,0.0399,15.44,8982.0,0.0,0.0,OperationMode.STOP_OPEN,5.19,0.1725,6.15,0.0,0.0,0.0
1989-01-13 22:00:00,0.99,0.0,OperationMode.HEATING,25.86,0.0038,21.49,11684.0,0.0,0.0,OperationMode.HEATING,17.07,0.0397,15.47,8948.0,0.0,0.0,OperationMode.STOP_CLOSE,5.08,0.1685,5.91,0.0,0.0,0.0
1989-01-13 23:00:00,0.8,0.0,OperationMode.HEATING,22.75,0.0038,19.6,6063.0,0.0,0.0,OperationMode.HEATING,17.22,0.0394,15.51,8994.0,0.0,0.0,OperationMode.STOP_CLOSE,4.79,0.1657,5.64,0.0,0.0,0.0
1989-01-14 00:00:00,0.65,0.0,OperationMode.STOP_CLOSE,16.24,0.0037,14.84,0.0,0.0,0.0,OperationMode.HEATING,17.74,0.0393,15.54,10969.0,0.0,0.0,OperationMode.STOP_CLOSE,4.43,0.1672,5.24,0.0,0.0,0.0
1989-01-14 01:00:00,0.48,0.0,OperationMode.STOP_CLOSE,13.25,0.0036,12.11,0.0,0.0,0.0,OperationMode.HEATING,18.19,0.0392,15.56,12168.0,0.0,0.0,OperationMode.STOP_CLOSE,4.02,0.17,4.78,0.0,0.0,0.0
1989-01-14 02:00:00,0.41,0.0,OperationMode.STOP_CLOSE,11.17,0.0036,10.23,0.0,0.0,0.0,OperationMode.HEATING,18.5,0.0391,15.57,12879.0,0.0,0.0,OperationMode.STOP_CLOSE,3.61,0.1728,4.33,0.0,0.0,0.0
1989-01-14 03:00:00,0.36,0.0,OperationMode.STOP_CLOSE,9.62,0.0035,8.86,0.0,0.0,0.0,OperationMode.HEATING,18.73,0.0391,15.57,13376.0,0.0,0.0,OperationMode.STOP_CLOSE,3.22,0.1757,3.92,0.0,0.0,0.0
1989-01-14 04:00:00,0.88,0.0,OperationMode.STOP_CLOSE,8.5,0.0035,7.91,0.0,0.0,0.0,OperationMode.HEATING,18.85,0.0391,15.57,13413.0,0.0,0.0,OperationMode.STOP_CLOSE,2.91,0.1785,3.61,0.0,0.0,0.0
1989-01-14 05:00:00,0.85,0.0,OperationMode.STOP_CLOSE,7.67,0.0034,7.2,0.0,0.0,0.0,OperationMode.HEATING,18.94,0.0391,15.57,13561.0,0.0,0.0,OperationMode.STOP_CLOSE,2.66,0.1814,3.37,0.0,0.0,0.0
1989-01-14 06:00:00,0.45,0.0,OperationMode.STOP_CLOSE,6.97,0.0034,6.58,0.0,0.0,0.0,OperationMode.HEATING,19.04,0.0392,15.56,13954.0,0.0,0.0,OperationMode.STOP_CLOSE,2.45,0.1843,3.14,0.0,0.0,0.0
1989-01-14 07:00:00,0.24,0.0,OperationMode.STOP_CLOSE,24.82,0.0033,17.73,30153.0,0.0,0.0,OperationMode.HEATING,18.45,0.0393,15.55,11598.0,0.0,0.0,OperationMode.STOP_CLOSE,2.04,0.1869,2.89,0.0,0.0,0.0
1989-01-14 08:00:00,0.94,0.0,OperationMode.HEATING,25.49,0.0034,21.56,14063.0,0.0,0.0,OperationMode.HEATING,15.97,0.0393,15.36,2560.0,0.0,0.0,OperationMode.STOP_CLOSE,2.6,0.1889,3.56,0.0,0.0,0.0
1989-01-14 09:00:00,2.64,0.0,OperationMode.HEATING,22.61,0.0035,21.54,1594.0,0.0,0.0,OperationMode.STOP_CLOSE,15.91,0.0393,16.2,0.0,0.0,0.0,OperationMode.STOP_CLOSE,3.39,0.1914,4.57,0.0,0.0,0.0
1989-01-14 10:00:00,3.96,0.0,OperationMode.HEATING,21.41,0.0036,21.53,-2880.0,0.0,0.0,OperationMode.STOP_CLOSE,17.51,0.0395,18.02,0.0,0.0,0.0,OperationMode.STOP_CLOSE,4.39,0.1941,5.76,0.0,0.0,0.0
1989-01-14 11:00:00,4.55,0.0,OperationMode.HEATING,21.12,0.0036,21.52,-4447.0,0.0,0.0,OperationMode.STOP_CLOSE,19.05,0.0396,19.53,0.0,0.0,0.0,OperationMode.STOP_CLOSE,5.46,0.1968,6.99,0.0,0.0,0.0
1989-01-14 12:00:00,4.69,0.0,OperationMode.HEATING,21.59,0.0037,21.5,-3021.0,0.0,0.0,OperationMode.STOP_CLOSE,19.63,0.0398,19.93,0.0,0.0,0.0,OperationMode.STOP_CLOSE,6.53,0.1995,8.12,0.0,0.0,0.0
1989-01-14 13:00:00,4.76,0.0,OperationMode.HEATING,22.13,0.0037,21.65,-305.0,0.0,0.0,OperationMode.STOP_CLOSE,19.74,0.04,19.93,0.0,0.0,0.0,OperationMode.STOP_CLOSE,7.39,0.202,8.94,0.0,0.0,0.0
1989-01-14 14:00:00,5.09,0.0,OperationMode.STOP_CLOSE,21.91,0.0036,21.46,0.0,0.0,0.0,OperationMode.STOP_CLOSE,19.6,0.0401,19.75,0.0,0.0,0.0,OperationMode.STOP_CLOSE,7.98,0.2049,9.42,0.0,0.0,0.0
1989-01-14 15:00:00,4.79,0.0,OperationMode.STOP_CLOSE,22.14,0.0036,21.81,0.0,0.0,0.0,OperationMode.STOP_CLOSE,19.7,0.0403,19.92,0.0,0.0,0.0,OperationMode.STOP_CLOSE,8.2,0.2078,9.48,0.0,0.0,0.0
1989-01-14 16:00:00,4.15,0.0,OperationMode.STOP_CLOSE,22.2,0.0035,21.39,0.0,0.0,0.0,OperationMode.STOP_CLOSE,19.49,0.0405,19.38,0.0,0.0,0.0,OperationMode.STOP_CLOSE,8.12,0.2102,9.26,0.0,0.0,0.0
1989-01-14 17:00:00,3.21,0.0,OperationMode.HEATING,24.24,0.0035,21.53,7494.0,0.0,0.0,OperationMode.STOP_CLOSE,17.79,0.0405,17.4,0.0,0.0,0.0,OperationMode.STOP_OPEN,7.09,0.1824,8.29,0.0,0.0,0.0
1989-01-14 18:00:00,2.6,0.0,OperationMode.HEATING,25.28,0.0037,21.52,10043.0,0.0,0.0,OperationMode.STOP_CLOSE,15.55,0.0404,15.12,0.0,0.0,0.0,OperationMode.STOP_CLOSE,6.82,0.1857,7.72,0.0,0.0,0.0
1989-01-14 19:00:00,1.84,0.0,OperationMode.HEATING,25.67,0.0038,21.48,10719.0,0.0,0.0,OperationMode.STOP_CLOSE,13.41,0.0404,13.17,0.0,0.0,0.0,OperationMode.STOP_CLOSE,6.22,0.1886,7.01,0.0,0.0,0.0
1989-01-14 20:00:00,1.25,0.0,OperationMode.HEATING,25.82,0.0039,21.46,11508.0,0.0,0.0,OperationMode.HEATING,17.47,0.0403,15.37,13440.0,0.0,0.0,OperationMode.STOP_CLOSE,5.34,0.1912,6.21,0.0,0.0,0.0
1989-01-14 21:00:00,0.74,0.0,OperationMode.HEATING,25.87,0.004,21.45,11581.0,0.0,0.0,OperationMode.HEATING,17.04,0.0402,15.38,9725.0,0.0,0.0,OperationMode.STOP_CLOSE,4.66,0.1771,5.6,0.0,0.0,0.0
1989-01-14 22:00:00,0.22,0.0,OperationMode.HEATING,25.95,0.004,21.45,12316.0,0.0,0.0,OperationMode.HEATING,17.09,0.04,15.42,9588.0,0.0,0.0,OperationMode.STOP_CLOSE,4.64,0.1728,5.46,0.0,0.0,0.0
1989-01-14 23:00:00,-0.05,0.0,OperationMode.STOP_CLOSE,18.19,0.0039,16.5,0.0,0.0,0.0,OperationMode.HEATING,17.42,0.0399,15.44,10172.0,0.0,0.0,OperationMode.STOP_CLOSE,4.37,0.1713,5.2,0.0,0.0,0.0
1989-01-15 00:00:00,-0.3,0.0,OperationMode.STOP_CLOSE,14.58,0.0038,13.24,0.0,0.0,0.0,OperationMode.HEATING,17.97,0.0398,15.46,12065.0,0.0,0.0,OperationMode.STOP_CLOSE,3.98,0.1742,4.76,0.0,0.0,0.0
1989-01-15 01:00:00,-0.41,0.0,OperationMode.STOP_CLOSE,11.94,0.0038,10.87,0.0,0.0,0.0,OperationMode.HEATING,18.33,0.0397,15.47,12934.0,0.0,0.0,OperationMode.STOP_CLOSE,3.56,0.177,4.29,0.0,0.0,0.0
1989-01-15 02:00:00,-0.6,0.0,OperationMode.STOP_CLOSE,10.08,0.0037,9.21,0.0,0.0,0.0,OperationMode.HEATING,18.61,0.0397,15.48,13579.0,0.0,0.0,OperationMode.STOP_CLOSE,3.15,0.1799,3.84,0.0,0.0,0.0
1989-01-15 03:00:00,-0.52,0.0,OperationMode.STOP_CLOSE,8.69,0.0037,8.0,0.0,0.0,0.0,OperationMode.HEATING,18.79,0.0397,15.48,13924.0,0.0,0.0,OperationMode.STOP_CLOSE,2.79,0.1827,3.46,0.0,0.0,0.0
1989-01-15 04:00:00,-0.32,0.0,OperationMode.STOP_CLOSE,7.66,0.0036,7.11,0.0,0.0,0.0,OperationMode.HEATING,18.91,0.0397,15.47,14052.0,0.0,0.0,OperationMode.STOP_CLOSE,2.48,0.1856,3.16,0.0,0.0,0.0
1989-01-15 05:00:00,-0.28,0.0,OperationMode.STOP_CLOSE,6.89,0.0036,6.45,0.0,0.0,0.0,OperationMode.HEATING,18.99,0.0398,15.46,14170.0,0.0,0.0,OperationMode.STOP_CLOSE,2.24,0.1885,2.92,0.0,0.0,0.0
1989-01-15 06:00:00,-0.55,0.0,OperationMode.STOP_CLOSE,6.25,0.0035,5.89,0.0,0.0,0.0,OperationMode.HEATING,19.06,0.0399,15.44,14466.0,0.0,0.0,OperationMode.STOP_CLOSE,2.03,0.1915,2.7,0.0,0.0,0.0
1989-01-15 07:00:00,-0.58,0.0,OperationMode.STOP_CLOSE,25.0,0.0035,17.55,31732.0,0.0,0.0,OperationMode.HEATING,18.52,0.04,15.42,12401.0,0.0,0.0,OperationMode.STOP_CLOSE,1.62,0.194,2.47,0.0,0.0,0.0
1989-01-15 08:00:00,0.74,0.0,OperationMode.HEATING,26.17,0.0036,21.53,16544.0,0.0,0.0,OperationMode.HEATING,15.98,0.0401,15.05,3579.0,0.0,0.0,OperationMode.STOP_CLOSE,2.2,0.196,3.18,0.0,0.0,0.0
1989-01-15 09:00:00,3.12,0.0,OperationMode.HEATING,23.17,0.0037,21.51,3535.0,0.0,0.0,OperationMode.STOP_CLOSE,15.36,0.0402,15.54,0.0,0.0,0.0,OperationMode.STOP_CLOSE,3.08,0.1986,4.31,0.0,0.0,0.0
1989-01-15 10:00:00,4.76,0.0,OperationMode.HEATING,22.27,0.0037,21.5,-5.0,0.0,0.0,OperationMode.STOP_CLOSE,16.55,0.0404,16.9,0.0,0.0,0.0,OperationMode.STOP_CLOSE,4.23,0.2013,5.67,0.0,0.0,0.0
1989-01-15 11:00:00,5.8,0.0,OperationMode.HEATING,21.68,0.0038,21.49,-2586.0,0.0,0.0,OperationMode.STOP_CLOSE,17.92,0.0405,18.37,0.0,0.0,0.0,OperationMode.STOP_CLOSE,5.45,0.2041,7.01,0.0,0.0,0.0
1989-01-15 12:00:00,6.72,0.0,OperationMode.HEATING,21.53,0.0038,21.48,-3217.0,0.0,0.0,OperationMode.STOP_CLOSE,18.97,0.0407,19.37,0.0,0.0,0.0,OperationMode.STOP_CLOSE,6.63,0.2069,8.24,0.0,0.0,0.0
1989-01-15 13:00:00,6.49,0.0,OperationMode.HEATING,21.95,0.0038,21.27,165.0,0.0,0.0,OperationMode.STOP_CLOSE,18.9,0.0409,19.07,0.0,0.0,0.0,OperationMode.STOP_CLOSE,7.52,0.2095,9.06,0.0,0.0,0.0
1989-01-15 14:00:00,6.3,0.0,OperationMode.STOP_CLOSE,22.07,0.0038,21.76,0.0,0.0,0.0,OperationMode.STOP_CLOSE,19.3,0.0412,19.67,0.0,0.0,0.0,OperationMode.STOP_CLOSE,8.1,0.2126,9.54,0.0,0.0,0.0
1989-01-15 15:00:00,6.26,0.0,OperationMode.STOP_CLOSE,21.94,0.0037,21.47,0.0,0.0,0.0,OperationMode.STOP_CLOSE,19.33,0.0414,19.47,0.0,0.0,0.0,OperationMode.STOP_CLOSE,8.45,0.2157,9.77,0.0,0.0,0.0
1989-01-15 16:00:00,5.94,0.0,OperationMode.STOP_CLOSE,22.89,0.0037,20.93,4148.0,0.0,0.0,OperationMode.STOP_CLOSE,18.36,0.0417,17.98,0.0,0.0,0.0,OperationMode.STOP_CLOSE,8.41,0.2182,9.57,0.0,0.0,0.0
1989-01-15 17:00:00,5.12,0.0,OperationMode.HEATING,24.72,0.0038,21.49,8965.0,0.0,0.0,OperationMode.STOP_CLOSE,16.52,0.0418,16.14,0.0,0.0,0.0,OperationMode.STOP_OPEN,7.66,0.1896,8.77,0.0,0.0,0.0
1989-01-15 18:00:00,4.28,0.0,OperationMode.HEATING,25.06,0.004,21.47,9556.0,0.0,0.0,OperationMode.STOP_CLOSE,14.75,0.0418,14.49,0.0,0.0,0.0,OperationMode.STOP_CLOSE,7.34,0.1932,8.23,0.0,0.0,0.0
1989-01-15 19:00:00,3.86,0.0,OperationMode.HEATING,25.24,0.0042,21.42,9613.0,0.0,0.0,OperationMode.STOP_CLOSE,13.18,0.0418,13.11,0.0,0.0,0.0,OperationMode.STOP_CLOSE,6.86,0.1963,7.67,0.0,0.0,0.0
1989-01-15 20:00:00,3.69,0.0,OperationMode.HEATING,25.33,0.0043,21.4,10126.0,0.0,0.0,OperationMode.HEATING,16.75,0.0419,15.14,10995.0,0.0,0.0,OperationMode.STOP_CLOSE,6.18,0.1991,7.08,0.0,0.0,0.0
1989-01-15 21:00:00,3.46,0.0,OperationMode.HEATING,25.33,0.0043,21.39,10057.0,0.0,0.0,OperationMode.HEATING,16.32,0.0418,15.14,7423.0,0.0,0.0,OperationMode.STOP_CLOSE,5.68,0.1797,6.65,0.0,0.0,0.0
1989-01-15 22:00:00,3.25,0.0,OperationMode.HEATING,25.36,0.0044,21.38,10643.0,0.0,0.0,OperationMode.HEATING,16.36,0.0415,15.18,7166.0,0.0,0.0,OperationMode.STOP_CLOSE,5.79,0.1677,6.63,0.0,0.0,0.0
1989-01-15 23:00:00,2.89,0.0,OperationMode.STOP_CLOSE,18.58,0.0043,17.06,0.0,0.0,0.0,OperationMode.HEATING,16.67,0.0413,15.21,7613.0,0.0,0.0,OperationMode.STOP_CLOSE,5.63,0.1667,6.48,0.0,0.0,0.0
1989-01-16 00:00:00,2.55,0.0,OperationMode.STOP_CLOSE,15.39,0.0043,14.18,0.0,0.0,0.0,OperationMode.HEATING,17.17,0.0412,15.24,9257.0,0.0,0.0,OperationMode.STOP_CLOSE,5.29,0.1699,6.11,0.0,0.0,0.0
1989-01-16 01:00:00,2.19,0.0,OperationMode.STOP_CLOSE,12.98,0.0042,12.02,0.0,0.0,0.0,OperationMode.HEATING,17.53,0.041,15.26,10358.0,0.0,0.0,OperationMode.STOP_CLOSE,4.92,0.1729,5.68,0.0,0.0,0.0
1989-01-16 02:00:00,1.85,0.0,OperationMode.STOP_CLOSE,11.26,0.0042,10.47,0.0,0.0,0.0,OperationMode.HEATING,17.82,0.041,15.27,11103.0,0.0,0.0,OperationMode.STOP_CLOSE,4.53,0.176,5.24,0.0,0.0,0.0
1989-01-16 03:00:00,1.41,0.0,OperationMode.STOP_CLOSE,9.91,0.0041,9.28,0.0,0.0,0.0,OperationMode.HEATING,18.06,0.0409,15.28,11755.0,0.0,0.0,OperationMode.STOP_CLOSE,4.15,0.1791,4.83,0.0,0.0,0.0
1989-01-16 04:00:00,1.03,0.0,OperationMode.STOP_CLOSE,8.81,0.0041,8.29,0.0,0.0,0.0,OperationMode.HEATING,18.26,0.0409,15.29,12316.0,0.0,0.0,OperationMode.STOP_CLOSE,3.77,0.1821,4.44,0.0,0.0,0.0
